title,description,updateFrequency,license,keywords,issued,modified,landingPage,Status,temporal,theme,publisher.name,contactPoint.fn,contactPoint.hasEmail,Notes,distribution.0.title,distribution.0.description,distribution.0.downloadURL,distribution.0.format,distribution.0.size,distribution.1.title,distribution.1.description,distribution.1.downloadURL,distribution.1.format,distribution.1.size,distribution.2.title,distribution.2.description,distribution.2.downloadURL,distribution.2.format,distribution.2.size,distribution.3.title,distribution.3.description,distribution.3.downloadURL,distribution.3.format,distribution.3.size,distribution.4.title,distribution.4.description,distribution.4.downloadURL,distribution.4.format,distribution.4.size,distribution.5.title,distribution.5.description,distribution.5.downloadURL,distribution.5.format,distribution.5.size,distribution.6.title,distribution.6.description,distribution.6.downloadURL,distribution.6.format,distribution.6.size,distribution.7.title,distribution.7.description,distribution.7.downloadURL,distribution.7.format,distribution.7.size,distribution.8.title,distribution.8.description,distribution.8.downloadURL,distribution.8.format,distribution.8.size,distribution.9.title,distribution.9.description,distribution.9.downloadURL,distribution.9.format,distribution.9.size,distribution.10.title,distribution.10.description,distribution.10.downloadURL,distribution.10.format,distribution.11.title,distribution.11.description,distribution.11.downloadURL,distribution.11.format
Registered customers by entity type,"Includes all customers registered with Inland Revenue, either individuals or entities.",Annual,https://creativecommons.org/licenses/by/4.0/,"Customer , Registration, Individuals, Club/Society, Maori Authority, Company, Partnership, Trust/Estate, Diplomatic mission, Super Fund, Government Department, Unit Trust",,,https://www.ird.govt.nz/aboutir/external-stats/customers/reg-by-entity-type/,Published,03-2008/03-2017,,Inland Revenue,Open Data enquiry,open.data2@ird.govt.nz,,Registered customers by entity type,,https://www.classic.ird.govt.nz/resources/e/0/e01efc7d-280e-4636-9f54-d60e644dc255/2.1+-+reg-cust-csv.csv,CSV,2kb,Registered customers by entity type,,https://www.classic.ird.govt.nz/resources/d/b/db702210-6d1b-4f3a-b34d-87a98d9db693/2.1-reg-cust-by-entity-type.xlsx,XLSX,16kb,,,,,,,,,,,,,,,,,,,,,,,,,,,,,,,,,,,,,,,,,,,,,,,,
Registered customers by geographic areas,"Includes all customers registered with Inland Revenue, either individuals or entities. Geographic area is determined by proximity to district office.",Annual,https://creativecommons.org/licenses/by/4.0/,"Customer , Registration, Individuals, Club/Society, Maori Authority, Company, Partnership, Trust/Estate, Diplomatic mission, Super Fund, Government Department, Unit Trust",,,https://www.ird.govt.nz/aboutir/external-stats/customers/reg-by-geo-area/,Published,03-2008/03-2017,,Inland Revenue,Open Data enquiry,open.data2@ird.govt.nz,,Registered customers by geographic areas,,https://www.classic.ird.govt.nz/resources/9/e/9e33245c-2f93-46e3-ae8f-6811a3fc5ec3/reg-customers-geo-area-17-csv.csv,CSV,3kb,Registered customers by geographic areas,,https://www.classic.ird.govt.nz/resources/5/0/502bda16-efb5-486b-8214-e4b3224fd90b/reg-customers-geo-area-17-excel.xlsx,XLSX,22kb,,,,,,,,,,,,,,,,,,,,,,,,,,,,,,,,,,,,,,,,,,,,,,,,
Active customers by entity type ,Shows the number of active customers grouped by entity type.,Annual,https://creativecommons.org/licenses/by/4.0/,"Customer , Registration, Individuals, Club/Society, Maori Authority, Company, Partnership, Trust/Estate, Diplomatic mission, Super Fund, Government Department, Unit Trust",,,https://www.ird.govt.nz/aboutir/external-stats/customers/act-by-entity-type/,Published,03-2008/03-2017,,Inland Revenue,Open Data enquiry,open.data2@ird.govt.nz,,Active customers by entity type ,,https://www.classic.ird.govt.nz/resources/8/7/876cac83-29b3-4453-93a8-a74f2d5c5382/2.3+-+Active-custs-by-ET.csv,CSV,1kb,Active customers by entity type ,,https://www.classic.ird.govt.nz/resources/f/5/f5b5ace1-6d2b-4917-af74-5b1816ea816c/2.3+-+Active-customers-by-ET.xlsx,XLSX,18kb,,,,,,,,,,,,,,,,,,,,,,,,,,,,,,,,,,,,,,,,,,,,,,,,
Active customers by geographic areas,Shows the number of active customers by geographic area. Area is defined through proximity to district office. ,Annual,https://creativecommons.org/licenses/by/4.0/,"Customer , Registration, Individuals, Club/Society, Maori Authority, Company, Partnership, Trust/Estate, Diplomatic mission, Super Fund, Government Department, Unit Trust",,,https://www.ird.govt.nz/aboutir/external-stats/customers/act-by-geo-area/,Published,03-2008/03-2017,,Inland Revenue,Open Data enquiry,open.data2@ird.govt.nz,,Active customers by geographic areas,,https://www.classic.ird.govt.nz/resources/5/9/5956b7f8-a391-4aec-b90c-dc4876b022db/act-customers-geographic-area-08-17.csv,CSV,3kb,Active customers by geographic areas,,https://www.classic.ird.govt.nz/resources/a/c/acf46f88-676d-4416-9ed7-a4d303de0232/active-customers-by-geographic-area-08-17.xlsx,XLSX,20kb,,,,,,,,,,,,,,,,,,,,,,,,,,,,,,,,,,,,,,,,,,,,,,,,
Registered customers by group ,"Registered customer groups shown here are, non-profit organisations, large enterprises, individuals and small and medium enterprises.",Annual,https://creativecommons.org/licenses/by/4.0/,"Customer , Registration, Individuals, Club/Society, Maori Authority, Company, Partnership, Trust/Estate, Diplomatic mission, Super Fund, Government Department, Unit Trust",,,https://www.ird.govt.nz/aboutir/external-stats/customers/reg-by-customer-group/,Published,03-2008/03-2017,,Inland Revenue,Open Data enquiry,open.data2@ird.govt.nz,,Registered customers by group ,,https://www.classic.ird.govt.nz/resources/c/f/cfee5c35-4cb8-4748-9081-8b2d4136b2b5/registered-customer-group.csv,CSV,1kb,Registered customers by group ,,https://www.classic.ird.govt.nz/resources/b/3/b38c49df-e055-4195-a325-317d61fa256f/registered-customer-group.xlsx,XLSX,15kb,,,,,,,,,,,,,,,,,,,,,,,,,,,,,,,,,,,,,,,,,,,,,,,,
Use of return filing channels ,"Describes the use of the three core channels used for filing tax data (eFiling,  online filing using myIR secure login services or paper based filing) ",Annual,https://creativecommons.org/licenses/by/4.0/,"Income Tax, Goods and Services Tax, Fringe Benefit Tax, PAYE, Filing, Individuals, Company, Trust/Estate",,,https://www.ird.govt.nz/aboutir/external-stats/tax-returns/filing-channels/,Published,03-2007/03-2016,,Inland Revenue,Open Data enquiry,open.data2@ird.govt.nz,,Use of return filing channels ,,https://www.classic.ird.govt.nz/resources/c/d/cd36494e-9284-4c10-8490-d3b70543b3fa/return-filing-channels.csv,CSV,3kb,Use of return filing channels ,,https://www.classic.ird.govt.nz/resources/5/5/556530ce-f945-4045-b3d2-804991ae6b17/return-filing-channels.xlsx,XLSX,33kb,,,,,,,,,,,,,,,,,,,,,,,,,,,,,,,,,,,,,,,,,,,,,,,,
Number of customers by return types,The data includes customers who filed tax returns for a specific tax year regardless of when their return was actually filed.,Annual,https://creativecommons.org/licenses/by/4.0/,"Income Tax, Goods and Services Tax, Fringe Benefit Tax, PAYE, Filing, Individuals, Company, Trust/Estate",,,https://www.ird.govt.nz/aboutir/external-stats/tax-returns/customers-by-returns/,Published,03-2007/03-2016,,Inland Revenue,Open Data enquiry,open.data2@ird.govt.nz,,Number of customers by return types,,https://www.classic.ird.govt.nz/resources/4/8/48a18d16-f08f-4225-921a-df4aa23b58c2/number-of-cust+by-return-types.csv,CSV,2kb,Number of customers by return types,,https://www.classic.ird.govt.nz/resources/d/2/d26ce924-465a-4293-a1d5-350323481443/number-of-cust-by-return-types.xlsx,XLSX,24kb,,,,,,,,,,,,,,,,,,,,,,,,,,,,,,,,,,,,,,,,,,,,,,,,
Returns filed ,The number of returns filed and processed during the tax year regardless of their return period.,Annual,https://creativecommons.org/licenses/by/4.0/,"Income Tax, Goods and Services Tax, Fringe Benefit Tax, PAYE, Filing, Individuals, Company, Trust/Estate",,,https://www.ird.govt.nz/aboutir/external-stats/tax-returns/returns-filed/,Published,03-2007/03-2016,,Inland Revenue,Open Data enquiry,open.data2@ird.govt.nz,,Returns filed ,,https://www.classic.ird.govt.nz/resources/6/e/6e9cd921-2834-4532-b74d-e6278c821e2d/returns_filed-csv.csv,CSV,3kb,Returns filed ,,https://www.classic.ird.govt.nz/resources/d/5/d52bffeb-8638-480f-92e5-08ed453188d7/returns-filed.xlsx,XLSX,16kb,,,,,,,,,,,,,,,,,,,,,,,,,,,,,,,,,,,,,,,,,,,,,,,,
Number of tax agents by geographic area ,The number of tax agents in a given geographic loction. A tax agent is a person who prepares the annual returns of income for ten or more taxpayers.,Annual,https://creativecommons.org/licenses/by/4.0/,"Customer, Registration, Tax Agents",,,https://www.ird.govt.nz/aboutir/external-stats/tax-agents/agents-by-geo-area/,Published,03-2008/03-2017,,Inland Revenue,Open Data enquiry,open.data2@ird.govt.nz,,Number of tax agents by geographic area ,,https://www.classic.ird.govt.nz/resources/2/f/2f540aa6-25cd-4556-8b9f-96eca58d0041/agents-by-location.csv,CSV,1kb,Number of tax agents by geographic area ,,https://www.classic.ird.govt.nz/resources/0/c/0cd160e2-75b7-4589-8365-2869870b1371/agents-by-location.xlsx,XLSX,20kb,,,,,,,,,,,,,,,,,,,,,,,,,,,,,,,,,,,,,,,,,,,,,,,,
Number of clients of tax agents by geographic area ,List of the number of clients of tax agents by geographic area. Area defined by proximity to district office. ,Annual,https://creativecommons.org/licenses/by/4.0/,"Customer, Registration, Tax Agents, Customers",,,https://www.ird.govt.nz/aboutir/external-stats/tax-agents/clients-by-geo-area/,Published,03-2008/03-2017,,Inland Revenue,Open Data enquiry,open.data2@ird.govt.nz,,Number of clients of tax agents by geographic area ,,https://www.classic.ird.govt.nz/resources/1/7/1762384a-90cf-4bb0-9691-7246c99d28fb/clients_by_location.csv,CSV,2kb,,,,,,,,,,,,,,,,,,,,,,,,,,,,,,,,,,,,,,,,,,,,,,,,,,,,,
Revenue collected ,Revenue collected on an acruals basis between 2008 and 2017 by Inland Revenue.,Annual,https://creativecommons.org/licenses/by/4.0/,"Income Tax, Goods and Services Tax, Fringe Benefit Tax, Withholding Tax, Imputation taxes, Payments and Refunds, Individuals, Club/Society, Maori Authority, Company, Partnership, Trust/Estate, Diplomatic mission, Super Fund, Government Department, Unit Trust",,,https://www.ird.govt.nz/aboutir/external-stats/revenue-refunds/revenue-collected/,Published,06-2008/06-2017,,Inland Revenue,Open Data enquiry,open.data2@ird.govt.nz,,Revenue collected ,,https://www.classic.ird.govt.nz/resources/d/2/d2f153f0-97f2-4e7d-acae-249a64e6348e/revcol+csv.csv,CSV,2kb,Revenue collected ,,https://www.classic.ird.govt.nz/resources/9/b/9b027f2c-8b0a-4975-9bcf-3100a32ec58f/rev+collected.xlsx,XLSX,19kb,,,,,,,,,,,,,,,,,,,,,,,,,,,,,,,,,,,,,,,,,,,,,,,,
Income distributions of individual customers,"Estimates of the number of individuals in tax bands & aggregate taxable income and income tax for people in each income band. The income and tax information is derived from IR3 tax returns, personal tax summaries, and employer PAYE information.",Annual,https://creativecommons.org/licenses/by/4.0/,"Income Tax, PAYE, Payments and Refunds, Individuals",,,https://www.ird.govt.nz/aboutir/external-stats/revenue-refunds/income-distrib-individual-customers/,Published,03-2001/03-2016,,Inland Revenue,Open Data enquiry,open.data2@ird.govt.nz,,Income distributions of individual customers,,https://www.classic.ird.govt.nz/resources/d/b/dbb287a9-cef5-4c4b-812c-51aa770e7789/Thousand+dollar+bands+01-16_archive.csv,CSV,54kb,Income distributions of individual customers,,https://www.classic.ird.govt.nz/resources/9/3/930f79b9-03e0-429c-8ffa-247655f0c490/Thousand+dollar+bands+01-16_archive.xlsx,XLSX,92kb,,,,,,,,,,,,,,,,,,,,,,,,,,,,,,,,,,,,,,,,,,,,,,,,
Wage/salary distributions for individual customers,"Wage/salary income, includes gross earnings received from any employer, that PAYE was deducted from. Earnings that are excluded from this are: NZ Super, Taxable welfare benefits, student allowances, earnings-related ACC payments and shareholder-employee salaries. ",Annual,https://creativecommons.org/licenses/by/4.0/,"Income Tax, PAYE, Payments and Refunds, Individuals",,,https://www.ird.govt.nz/aboutir/external-stats/revenue-refunds/wage-distribution-individ-customers/,Published,03-2001/03-2016,,Inland Revenue,Open Data enquiry,open.data2@ird.govt.nz,,Wage/salary distributions for individual customers,,https://www.classic.ird.govt.nz/resources/6/8/68005f47-d842-47e2-a596-4a722edcc2ac/Salary+wage+bands+2017+redo.csv,CSV,38kb,Wage/salary distributions for individual customers,,https://www.classic.ird.govt.nz/resources/c/7/c76f4ffa-b125-4c0a-a9b7-c69243bd2003/Salary+wage+bands+2017+redo.xlsx,XLSX,82kb,,,,,,,,,,,,,,,,,,,,,,,,,,,,,,,,,,,,,,,,,,,,,,,,
Net GST by turnover band ,"Net total GST by turnover band. The following GST data is based on information from GST returns and is different from the accrual data presented in the ""Tax revenue"" section.",Annual,https://creativecommons.org/licenses/by/4.0/,"Goods & Services Tax, Payments and Refunds, Individuals, Club/Society, Maori Authority, Company, Partnership, Trust/Estate, Diplomatic mission, Super Fund, Government Department, Unit Trust",,,https://www.ird.govt.nz/aboutir/external-stats/revenue-refunds/net-gst-by-turnover-band/,Published,03-2007/03-2016,,Inland Revenue,Open Data enquiry,open.data2@ird.govt.nz,,Net GST by turnover band ,,https://www.classic.ird.govt.nz/resources/d/9/d9b47fd2-ec76-4eba-ba50-9ddddd382676/gst-turnover.csv,CSV,2kb,Net GST by turnover band ,,https://www.classic.ird.govt.nz/resources/2/8/2852dd62-ea50-4684-8b98-26449f086638/gst-turnover2.xlsx,XLSX,15kb,,,,,,,,,,,,,,,,,,,,,,,,,,,,,,,,,,,,,,,,,,,,,,,,
Number of GST filers by turnover band ,The number of GST filers grouped by turnover band. The GST data only includes GST collected or refunded by Inland Revenue. GST collected on imports by the New Zealand Customs Service is not included.,Annual,https://creativecommons.org/licenses/by/4.0/,"Goods & Services Tax, Payments and Refunds, Individuals, Club/Society, Maori Authority, Company, Partnership, Trust/Estate, Diplomatic mission, Super Fund, Government Department, Unit Trust",,,https://www.ird.govt.nz/aboutir/external-stats/revenue-refunds/gst-filers-by-turnover-band/,Published,03-2007/03-2016,,Inland Revenue,Open Data enquiry,open.data2@ird.govt.nz,,Number of GST filers by turnover band ,,https://www.classic.ird.govt.nz/resources/5/e/5eb8ecc8-48ef-4b39-b536-cbcc515cc654/gst-filers.csv,CSV,2kb,Number of GST filers by turnover band ,,https://www.classic.ird.govt.nz/resources/2/4/241952ac-f435-47cf-8fe3-bcacbe372e0c/gst-filers.xlsx,XLSX,18kb,,,,,,,,,,,,,,,,,,,,,,,,,,,,,,,,,,,,,,,,,,,,,,,,
Donation Rebate Frequency,The number of Donation rebates claimed between 2007 and 2016. ,Annual,https://creativecommons.org/licenses/by/4.0/,"Tax Credit, Subsidy and Grant, Payments and Refunds, Individuals",,,https://www.ird.govt.nz/aboutir/external-stats/revenue-refunds/donation-rebates/,Published,03-2007/03-2016,,Inland Revenue,Open Data enquiry,open.data2@ird.govt.nz,,Number of rebates claimed,,https://www.classic.ird.govt.nz/resources/0/7/07907459-6ead-48cf-9614-ca2c1fad527a/donations-rebates-no+-+CSV.csv,CSV,1kb,Number of rebates claimed,,https://www.classic.ird.govt.nz/resources/3/7/375e6e1e-0ea6-499f-b485-d9e1f7934260/donations-rebates-no.xlsx,XLSX,13kb,,,,,,,,,,,,,,,,,,,,,,,,,,,,,,,,,,,,,,,,,,,,,,,,
Donation Rebate Average Amount,The average amount per donation rebate between 2007 and 2016. ,Annual,https://creativecommons.org/licenses/by/4.0/,"Tax Credit, Subsidy and Grant, Payments and Refunds, Individuals",,,https://www.ird.govt.nz/aboutir/external-stats/revenue-refunds/donation-rebates/,Published,03-2007/03-2016,,Inland Revenue,Open Data enquiry,open.data2@ird.govt.nz,,Donation Rebate Average Amount,,https://www.classic.ird.govt.nz/resources/b/9/b999fd56-aa0d-491d-8aac-59b879ef0c5a/donations-rebates-amounts-CSV.csv,CSV,,Donation Rebate Average Amount,,https://www.classic.ird.govt.nz/resources/c/4/c4609067-2c13-437b-a010-b441c1e67a47/donations-rebates-amounts.xlsx,XLSX,,,,,,,,,,,,,,,,,,,,,,,,,,,,,,,,,,,,,,,,,,,,,,,,,
Income of trusts IR6 returns ,"The total income of trusts that allocated beneficiary or trustee income. This data was extracted on 25 September 2017. All data is subject to further updates, but the data for 2016 in particular is incomplete. ",Annual,https://creativecommons.org/licenses/by/4.0/,"Income Tax, Filing, Assessments, Payments and Refunds, Trust / Estate",,,https://www.ird.govt.nz/aboutir/external-stats/revenue-refunds/income-trusts-ir6-returns/,Published,03-2007/03-2016,,Inland Revenue,Open Data enquiry,open.data2@ird.govt.nz,,Income of trusts IR6 returns ,,https://www.classic.ird.govt.nz/resources/6/5/65e60778-a0ab-4d80-afc0-3d6de820b7b0/trust-income.csv,CSV,1kb,Income of trusts IR6 returns ,,https://www.classic.ird.govt.nz/resources/0/a/0a5fd785-f714-49fc-ad6e-7b1225116a8e/trust-income.xlsx,XLSX,15kb,,,,,,,,,,,,,,,,,,,,,,,,,,,,,,,,,,,,,,,,,,,,,,,,
Working for Families Tax Credits - number of families,"Working for Families Tax Credits is a collective term for a number of tax credits paid to families with dependent children. Data set includes the number of families involved. The data is based on March year entitlements, assessed on tax returns and supplemented with the payments data from Work and Income recorded on their EMS schedule. (This data is considered incomplete until 31/03/18). Types of Working for Families Tax Credits included are Family Tax Credit, In-work tax credit, Minimum family tax credit, Parental tax credit.",Annual,https://creativecommons.org/licenses/by/4.0/,"Working for Families Tax Credits, Tax Credits, Individuals",,,https://www.ird.govt.nz/aboutir/external-stats/social-policy/wfftc/,Published,03-2007/03-2016,,Inland Revenue,Open Data enquiry,open.data2@ird.govt.nz,,Working for Families Tax Credits - number of families,,https://www.classic.ird.govt.nz/resources/a/a/aa9d466f-1e21-4da8-a91d-0aaba70dd05a/6.1a+wfftc-number-familes_csv.csv,CSV,1kb,Working for Families Tax Credits - number of families,,https://www.classic.ird.govt.nz/resources/b/e/be08bb4a-54f6-47b1-a11e-7b20fae7bd26/6.1a+-+wfftc-number-familes.xls,XLS,34kb,,,,,,,,,,,,,,,,,,,,,,,,,,,,,,,,,,,,,,,,,,,,,,,,
Working for Families Tax Credits - Average Entitlement,Working for Families Tax Credits is a collective term for a number of tax credits paid to families with dependent children. Data set includes the average entitlement amount. The data is based on March year entitlements assessed on tax returns and supplemented with the payments data from Work and Income recorded on their EMS schedule. (data considered incomplete until 31/03/18),Annual,https://creativecommons.org/licenses/by/4.0/,"Working for Families Tax Credits, Tax Credits, Individuals",,,https://www.ird.govt.nz/aboutir/external-stats/social-policy/wfftc/,Published,03-2007/03-2016,,Inland Revenue,Open Data enquiry,open.data2@ird.govt.nz,,Working for Families Tax Credits - Average Entitlement,,https://www.classic.ird.govt.nz/resources/d/5/d5485324-b3a4-4d03-b869-4effbe1ac772/6.1b+wfftc-average-entitlement_csv.csv,CSV,1kb,Working for Families Tax Credits - Average Entitlement,,https://www.classic.ird.govt.nz/resources/7/a/7afeb85c-0a3f-42ed-ab2d-5d0b5463ab07/6.1b+-+wfftc-average-entitlement.xlsx,XLSX,15kb,,,,,,,,,,,,,,,,,,,,,,,,,,,,,,,,,,,,,,,,,,,,,,,,
Number of child support customers and cash collection,The number of customers claiming child support per annum. ,Annual,https://creativecommons.org/licenses/by/4.0/,"Child Support, Registration, Individuals",,,https://www.ird.govt.nz/aboutir/external-stats/social-policy/child-support-cust-and-cash/,Published,03-2008/03-2017,,Inland Revenue,Open Data enquiry,open.data2@ird.govt.nz,,Number of child support customers and cash collection,,https://www.classic.ird.govt.nz/resources/f/7/f7b4ec6b-89bf-4274-a147-8d428a480b6d/6.2-+child-support-csv.csv,CSV,1kb,Number of child support customers and cash collection,,https://www.classic.ird.govt.nz/resources/5/c/5cd21169-210b-4895-b72f-eca5a2d6bbc0/6.2-+child-support.xlsx,XLSX,15kb,,,,,,,,,,,,,,,,,,,,,,,,,,,,,,,,,,,,,,,,,,,,,,,,
Total overdue debt ,"The total overdue tax debt, the overdue child support debt, the number of customers in debt, the number of debt cases, and the annual debt dynamics for the financial years 2008 to 2017",Annual,https://creativecommons.org/licenses/by/4.0/,"PAYE, Income Tax, Witholding Tax, Child Support, Student Loans, Goods and Services Tax, Duties, Fringe Benefit Tax, Payment and Refunds, Individuals, Club/Society, Maori Authority, Company, Partnership, Trust/Estate, Diplomatic mission, Super Fund, Unit Trust ",,,https://www.ird.govt.nz/aboutir/external-stats/debt/total-overdue-debt/,Published,06-2008/06-2017,,Inland Revenue,Open Data enquiry,open.data2@ird.govt.nz,,Total overdue debt ,,https://www.classic.ird.govt.nz/resources/4/c/4cc7d1a6-2513-4099-8223-60ef2b46afe1/7.1+-+total_overdue_debt_csv.csv,CSV,1kb,Total overdue debt ,,https://www.classic.ird.govt.nz/resources/b/a/ba6f1502-0700-4cfa-b160-e4616baba62f/7.1+-+total-overdue-debt-excel.xlsx,XLSX,16kb,,,,,,,,,,,,,,,,,,,,,,,,,,,,,,,,,,,,,,,,,,,,,,,,
Overdue debt by tax type ,"The structure of the total overdue debt for various different tax types for the financial years from 2008 to 2017. (child support debt, student loan debt, tax debt, working for families tax credits debt) ",Annual,https://creativecommons.org/licenses/by/4.0/,"PAYE, Income Tax, Witholding Tax, Child Support, Student Loans, Goods and Services Tax, Duties, Fringe Benefit Tax, Payment and Refunds, Individuals, Club/Society, Maori Authority, Company, Partnership, Trust/Estate, Diplomatic mission, Super Fund, Unit Trust ",,,https://www.ird.govt.nz/aboutir/external-stats/debt/overdue-debt-tax-type/,Published,03-2008/03-2017,,Inland Revenue,Open Data enquiry,open.data2@ird.govt.nz,,Overdue debt by tax type ,,https://www.classic.ird.govt.nz/resources/d/a/da0045fa-d727-41fa-b5b1-b03a37eba54d/7.2-overdue-debt-tax-type-csv.csv,CSV,2kb,Overdue debt by tax type ,,https://www.classic.ird.govt.nz/resources/e/8/e86e760b-5052-4286-9d06-d3d474eca5ce/7.2+-+overdue-debt-tax-type-excel.xlsx,XLSX,19kb,,,,,,,,,,,,,,,,,,,,,,,,,,,,,,,,,,,,,,,,,,,,,,,,
Overdue debt by debt age ,The dynamics of overdue debt case age from the 2008 to 2017 financial years. It covers both overdue tax debt and overdue child support debt. The debt age structure is presented both for dollar values and debt cases. The age of each debt case is weighted based on weighted overdue debt case age.,Annual,https://creativecommons.org/licenses/by/4.0/,"PAYE, Income Tax, Witholding Tax, Child Support, Student Loans, Goods and Services Tax, Duties, Fringe Benefit Tax, Payment and Refunds, Individuals, Club/Society, Maori Authority, Company, Partnership, Trust/Estate, Diplomatic mission, Super Fund, Unit Trust ",,,https://www.ird.govt.nz/aboutir/external-stats/debt/overdue-debt-by-debt-age/,Published,06-2008/06-2017,,Inland Revenue,Open Data enquiry,open.data2@ird.govt.nz,,Overdue debt by debt age ,,https://www.classic.ird.govt.nz/resources/6/d/6db51d6d-cce2-4b93-b173-34a009743df6/7.3-+Overdue-debt-age-csv.csv,CSV,4kb,Overdue debt by debt age ,,https://www.classic.ird.govt.nz/resources/b/f/bff9c528-5dc9-44ce-bede-43585fc1c024/7.3+-+overdue-debt-age-excel.xlsx,XLSX,38kb,,,,,,,,,,,,,,,,,,,,,,,,,,,,,,,,,,,,,,,,,,,,,,,,
Overdue debt by debt value bands ,The composition of overdue tax debt and overdue child support debt by dollar value bands. The Analysis is presented for both the value of debt and the proportion of debt cases. ,Annual,https://creativecommons.org/licenses/by/4.0/,"PAYE, Income Tax, Witholding Tax, Child Support, Student Loans, Goods and Services Tax, Duties, Fringe Benefit Tax, Payment and Refunds, Individuals, Club/Society, Maori Authority, Company, Partnership, Trust/Estate, Diplomatic mission, Super Fund, Unit Trust ",,,https://www.ird.govt.nz/aboutir/external-stats/debt/overdue-debt-by-value-bands/,Published,06-2008/06-2017,,Inland Revenue,Open Data enquiry,open.data2@ird.govt.nz,,Overdue debt by debt value bands ,,https://www.classic.ird.govt.nz/resources/9/2/92385a96-a8e9-47d7-9e42-7433a6983fdf/7.4+-+overdue+-debt-value-bands-csv.csv,CSV,5kb,Overdue debt by debt value bands ,,https://www.classic.ird.govt.nz/resources/2/c/2c2a288e-a4fc-4e9c-b9b7-d2408633e60e/7.4-+overdue-debt-value-bands-excel.xlsx,XLSX,39kb,,,,,,,,,,,,,,,,,,,,,,,,,,,,,,,,,,,,,,,,,,,,,,,,
Percentage of returns filed on time ,The ratio of returns filed on time to the total number of filing per tax year. The ratio is presented separately for tax types and customer groups.,Annual,https://creativecommons.org/licenses/by/4.0/,"Goods & Services Tax, PAYE, Income Tax, Filing, Individuals, Club/Society, Maori Authority, Company, Partnership, Trust/Estate, Diplomatic mission, Super Fund, Unit Trust ",,,https://www.ird.govt.nz/aboutir/external-stats/compliance/returns-filed-on-time/,Published,03-2007/03-2016,,Inland Revenue,Open Data enquiry,open.data2@ird.govt.nz,,Percentage of returns filed on time ,,https://www.classic.ird.govt.nz/resources/0/8/0890c5c2-3d0a-429e-817f-3956aa97a5ea/9.2+-+returns-filed-on-time-excel-csv.csv,CSV,1kb,Percentage of returns filed on time ,,https://www.classic.ird.govt.nz/resources/a/6/a65e3b8d-ea1b-4a12-9ed6-8feffbcb1704/9.2-+returns-filed-on-time-excel.xlsx,XLSX,19kb,,,,,,,,,,,,,,,,,,,,,,,,,,,,,,,,,,,,,,,,,,,,,,,,
Percentage of payments made on time ,The percentage of on time payments for the major tax types.,Annual,https://creativecommons.org/licenses/by/4.0/,"Goods & Services Tax, PAYE, Income Tax, Payments and Refunds, Individuals, Club/Society, Maori Authority, Company, Partnership, Trust/Estate, Diplomatic mission, Super Fund, Unit Trust ",,,https://www.ird.govt.nz/aboutir/external-stats/compliance/payments-made-on-time/,Published,03-2007/03-2016,,Inland Revenue,Open Data enquiry,open.data2@ird.govt.nz,,Percentage of payments made on time ,,https://www.classic.ird.govt.nz/resources/b/a/ba916122-a305-4f0e-996a-58809748bffb/percentage-payments-on-time-17-csv.csv,CSV,1kb,Percentage of payments made on time ,,https://www.classic.ird.govt.nz/resources/8/f/8f4ef787-285f-49a3-aeee-8cf5d7961485/percentage-payments-on-time-17-excel.xlsx,XLSX,15kb,,,,,,,,,,,,,,,,,,,,,,,,,,,,,,,,,,,,,,,,,,,,,,,,
Percentage of child support payments made by liable parents in full and on time,The percentage of payments made by liable parents in full and on time.,Annual,https://creativecommons.org/licenses/by/4.0/,"Child Support, Payments and Refuds, Individuals",,,https://www.ird.govt.nz/aboutir/external-stats/compliance/cs-payments-made-on-time/,Published,03-2008/03-2017,,Inland Revenue,Open Data enquiry,open.data2@ird.govt.nz,,Percentage of child support payments made by liable parents in full and on time,,https://www.classic.ird.govt.nz/resources/6/6/66b36a5f-6c3f-4f1d-8881-81952d55992a/payments-full-on-time-liable-parents-17-csv.csv,CSV,1kb,Percentage of child support payments made by liable parents in full and on time,,https://www.classic.ird.govt.nz/resources/9/5/95fe07f5-e989-41cf-a848-ba048c9a478e/payments-full-on-time-liable-parents-17-excel.xlsx,XLSX,17kb,,,,,,,,,,,,,,,,,,,,,,,,,,,,,,,,,,,,,,,,,,,,,,,,
Regional tax statistics 2016,"Included are categories for individuals and non-individual entities. The tables present the data as percentages of appropriate columns in the ""Customers"" table, Regional tax statistics, 'all customers', 'values', 'individuals', 'business individuals', 'non-business individuals', 'entities', 'businesses'    ",Annual,https://creativecommons.org/licenses/by/4.0/,"PAYE, Goods & Services Tax, Income Tax, Imputation Taxes, Withholding Tax, Child Support, Working for Families Tax Credits, Student Loans, Fringe Benefit Tax, Customer, Registration, Payments and Refunds, Individuals, Club/Society, Maori Authority, Company, Partnership, Trust/Estate, Diplomatic mission, Super Fund, Government Department, Unit Trust",,,https://www.classic.ird.govt.nz/aboutir/external-stats/regional-stats/regional-tax-statistics.html,Published,04-2015/03-2016,,Inland Revenue,Open Data enquiry,open.data2@ird.govt.nz,,Regional tax statistics 2016,,https://www.classic.ird.govt.nz/resources/2/0/20e0792e-d7c5-479e-9de5-bf8b281763ad/regional-tax-stats-2016.xlsx,XLSX,196kb,All Customers,,https://www.classic.ird.govt.nz/resources/0/3/03ad910f-5339-4ec8-8843-80f0bbc385fb/all_customers.csv,CSV,9kb,Values,,https://www.classic.ird.govt.nz/resources/8/e/8e4392bf-0ce8-4e5c-bd60-2694acf764eb/values.csv,CSV,6kb,Individuals,,https://www.classic.ird.govt.nz/resources/c/e/ce224acd-596b-4212-9415-946216bb58bd/individuals.csv,CSV,11kb,Business individuals,,https://www.classic.ird.govt.nz/resources/9/1/912094cf-f122-4b28-82dd-9760ddae3449/business-individuals.csv,CSV,11kb,Non-business individuals,,https://www.classic.ird.govt.nz/resources/c/9/c9735d28-eff6-463a-b50f-b974ce9c1d05/non-business-individuals.csv,CSV,8kb,Entities ,,https://www.classic.ird.govt.nz/resources/4/b/4b8f256d-e209-4ef8-bdde-e7d85e9f4522/entities.csv,CSV,7kb,Business,,https://www.classic.ird.govt.nz/resources/1/9/19516d0e-e65b-497f-b608-5a22667d53b2/businesses.csv,CSV,12kb,,,,,,,,,,,,,,,,,,
Outcome of cases decided by Disputes Review Unit,The outcomes of adjudication cases decided by the Disputes Review Unit. All cases are split into five categories depending on the degree to which the position of the Commissioner of Inland Revenue (CIR) was upheld.,Annual,https://creativecommons.org/licenses/by/4.0/,"Audit, Penalties, Litigation, Prosecution, Payments and Refunds, Assessment, Individuals, Club/Society, Maori Authority, Company, Partnership, Trust/Estate, Diplomatic mission, Super Fund, Government Department, Unit Trust",,,https://www.classic.ird.govt.nz/aboutir/audit-and-legal-issues/disputes-review-unit/outcome-of-cases-disputes-review.html,Published,03-2008/03-2017,,Inland Revenue,Open Data enquiry,open.data2@ird.govt.nz,,Outcome of cases decided by Disputes Review Unit,,https://www.classic.ird.govt.nz/resources/0/1/01300f3d-2f76-44d7-803f-7aef81e9c1e2/Adj+decn+stats+-+2008-2017_csv.csv,CSV,2kb,Outcome of cases decided by Disputes Review Unit,,https://www.classic.ird.govt.nz/resources/3/5/35b302cd-928c-4027-90c6-2f4e54b3d4b5/Adj+decn+stats+-+2008-2017.xls,XLS,35kb,,,,,,,,,,,,,,,,,,,,,,,,,,,,,,,,,,,,,,,,,,,,,,,,
Shortfall penalty impositions ,"The number and value of shortfall penalties in total and by category. A shortfall penalty (SFP) is one imposed as a percentage of a tax shortfall (a deficit or understatement of tax), resulting from certain actions on the part of a taxpayer.  ",Annual,https://creativecommons.org/licenses/by/4.0/,"Audit, Penalties, Individuals, Club/Society, Maori Authority, Company, Partnership, Trust/Estate, Diplomatic mission, Super Fund, Government Department, Unit Trust",,,https://www.classic.ird.govt.nz/aboutir/audit-and-legal-issues/shortfall-penalty/shortfall-penalty-impositions.html,Published,06-2007/06-2016,,Inland Revenue,Open Data enquiry,open.data2@ird.govt.nz,,Shortfall penalty impositions ,,https://www.classic.ird.govt.nz/resources/c/2/c26fb645-2eb7-4a0d-b0a7-387633af025a/shortfall-penalties-CSV.csv,CSV,3kb,Shortfall penalty impositions ,,https://www.classic.ird.govt.nz/resources/2/8/281bfd20-88e5-40bf-82fe-5a7d96e6350a/shortfall-penalties.xls,XLS,32kb,,,,,,,,,,,,,,,,,,,,,,,,,,,,,,,,,,,,,,,,,,,,,,,,
Binding rulings,The number of draft rulings issued that are counted under the timeliness measures and the average time to complete those draft rulings.,Annual,https://creativecommons.org/licenses/by/4.0/,"Audit, Assessment, Individuals, Club/Society, Maori Authority, Company, Partnership, Trust/Estate, Diplomatic mission, Super Fund, Government Department, Unit Trust",,,https://www.classic.ird.govt.nz/aboutir/audit-and-legal-issues/binding-rulings/,Published,06-2009/06-2017,,Inland Revenue,Open Data enquiry,open.data2@ird.govt.nz,,Binding rulings,,https://www.classic.ird.govt.nz/resources/d/2/d2b8d00c-eb74-40b4-b5e7-9da8ada4ee5a/binding-rulings-csv.csv,CSV,1kb,Binding rulings,,https://www.classic.ird.govt.nz/resources/5/7/5799b830-b554-44e6-a22c-2db9564bf24e/binding-rulings.xls,XLS,24kb,,,,,,,,,,,,,,,,,,,,,,,,,,,,,,,,,,,,,,,,,,,,,,,,
Number of tax convictions ,The total number of tax convictions under the Tax Administration Act 1994 in each calendar year.,Annual,https://creativecommons.org/licenses/by/4.0/,"Audit, Penalties, Litigation, Prosecution, Individuals",,,https://www.classic.ird.govt.nz/aboutir/audit-and-legal-issues/tax-convictions/,Published,03-2007/03-2016,,Inland Revenue,Open Data enquiry,open.data2@ird.govt.nz,,Number of tax convictions ,,https://www.classic.ird.govt.nz/resources/1/5/15e868fb-ea8c-4c13-ac74-ab9199d5ade8/11.6no-convictions.csv,CSV,2kb,Number of tax convictions ,,https://www.classic.ird.govt.nz/resources/a/1/a11e8cec-bf21-489a-a2d7-e76ef38592d1/11.6no-convictions.xlsx,XLSX,18kb,,,,,,,,,,,,,,,,,,,,,,,,,,,,,,,,,,,,,,,,,,,,,,,,
Number of people convicted under the Tax Administration Act ,The number of people convicted under the Tax Administration Act 1994 in each calendar year. A person may have more than one prosecution in each year.,Annual,https://creativecommons.org/licenses/by/4.0/,"Audit, Penalties, Litigation, Prosecution, Individuals",,,https://www.classic.ird.govt.nz/aboutir/audit-and-legal-issues/convictions-under-tax-act/,Published,03-2007/03-2016,,Inland Revenue,Open Data enquiry,open.data2@ird.govt.nz,,Number of people convicted under the Tax Administration Act ,,https://www.classic.ird.govt.nz/resources/c/0/c012cea0-865d-456a-aee4-779ebdeb4dd2/11.7no-people-convicted.csv,CSV,2kb,Number of people convicted under the Tax Administration Act ,,https://www.classic.ird.govt.nz/resources/3/c/3ca1048c-e68e-409c-a546-f16556a87725/11.7no-people-convicted.xlsx,XLSX,18kb,,,,,,,,,,,,,,,,,,,,,,,,,,,,,,,,,,,,,,,,,,,,,,,,
IRD number applications ,This report provides information around IRD number applications by individuals and non-individuals. It includes information around the residency status of applicants and their reasons for applying (If this is for the purpose of purchasing property).,Annual,https://creativecommons.org/licenses/by/4.0/,"Customer, Registration, Individuals, Club/Society, Maori Authority, Company, Partnership, Trust/Estate, Diplomatic mission, Super Fund, Unit Trust ",,,,Published,10-2015/06-2017,,Inland Revenue,Open Data enquiry,open.data2@ird.govt.nz,,IRD number applications ,,https://www.classic.ird.govt.nz/resources/8/c/8cb2fd06-3740-4976-b231-a3f92ce9a697/ird-number-applications-jun17.pdf,PDF,,,,,,,,,,,,,,,,,,,,,,,,,,,,,,,,,,,,,,,,,,,,,,,,,,,,,,
Unpaid Taxes due to Small Business Liquidations ,Total amount of unpaid taxes due to small business liquidations.,Annual,https://creativecommons.org/licenses/by/4.0/,"Income Tax, Assessment, Penalties, Payments and refunds, Partnership, Company",,,,Published,06-2013/06-2015 ,,Inland Revenue,Open Data enquiry,open.data2@ird.govt.nz,,Unpaid Taxes due to Small Business Liquidations ,,http://www.classic.ird.govt.nz/resources/6/4/6419f03f-e0d0-4aae-bcac-76c16100331f/download-unpaid-taxes-due-to-small-business-liquidation.xlsx,XLS,,Unpaid Taxes due to Small Business Liquidations ,,https://www.ird.govt.nz/resources/7/a/7af6a117-8d67-4d3d-873f-269e57fa56cc/download-unpaid-taxes-small-business-liquidation.pdf,PDF,,,,,,,,,,,,,,,,,,,,,,,,,,,,,,,,,,,,,,,,,,,,,,,,,
Inland Revenue Commissioner's Expenses ,Total expenses attributed to Inland Revenue's commissioner ,Annual,https://creativecommons.org/licenses/by/4.0/,"Corporate Data, Financial reports & measures",,,https://www.classic.ird.govt.nz/aboutir/reports/expenses/,Published,07-2015/07-2019,,Inland Revenue,Open Data enquiry,open.data2@ird.govt.nz,,Commissioner Naomi Ferguson's expenses June 2018,,https://www.classic.ird.govt.nz/resources/b/7/b7ddc35f-0b64-46d7-9169-20034b2df91c/commissioners-expenses-2019-FINAL.xlsx,XLSX,69kb,Commissioner Naomi Ferguson's expenses June 2017,,https://www.classic.ird.govt.nz/resources/d/c/dc27fd38-d7e3-4de1-b54a-2e29fcada02c/commissioners-expenses-july-2017-june-2018.xlsx,XLSX,34kb,Commissioner Naomi Ferguson's expenses June 2016,,https://www.classic.ird.govt.nz/resources/2/4/241989ca-bd8f-47ad-8c1c-35c4ebf8b481/commissioners-expenses-july-2016-june-2017.xlsx,XLSX,27kb,Commissioner Naomi Ferguson's expenses June 2015,,https://www.classic.ird.govt.nz/resources/b/3/b354daad-0283-44b7-9684-89a8b79e902f/commissioners-expenses-july-2015-June-2016.xlsx,XLSX,29kb,,,,,,,,,,,,,,,,,,,,,,,,,,,,,,,,,,,,,,
Customer Satisfaction and Perceptions survey quarterly results,Quarterly survey results for customer satisfaction and perception of Inland Revenue,Quarterly,https://creativecommons.org/licenses/by/4.0/,"Corporate Data, Customer",,,https://www.classic.ird.govt.nz/aboutir/reports/cust-survey/,Published,07-2016/06-2019,,Inland Revenue,Open Data enquiry,open.data2@ird.govt.nz,,January to March 2019 results,,https://www.classic.ird.govt.nz/aboutir/reports/cust-survey/customer-satisfaction-results-jan-mar-19.html,HTML,,October to December 2018 results,,https://www.classic.ird.govt.nz/aboutir/reports/cust-survey/customer-satisfaction-results-oct-dec-18.html,HTML,,April to June 2018 results,,https://www.classic.ird.govt.nz/aboutir/reports/cust-survey/csp-previous-years/customer-satisfaction-results-apr-jun-18.html,HTML,,January to March 2018 results,,https://www.classic.ird.govt.nz/aboutir/reports/cust-survey/csp-previous-years/customer-satisfaction-results-jan-march-18.html,HTML,,October to December 2017 results,,https://www.classic.ird.govt.nz/aboutir/reports/cust-survey/csp-previous-years/customer-satisfaction-results-oct-dec-17.html,HTML,,July to September 2017 results,,https://www.classic.ird.govt.nz/aboutir/reports/cust-survey/csp-previous-years/customer-satisfaction-results-jul-sep-17.html,HTML,,April to June 2017 results,,https://www.classic.ird.govt.nz/aboutir/reports/cust-survey/csp-previous-years/customer-satisfaction-results-april-june-17.html,HTML,,January to March 2017 results,,https://www.classic.ird.govt.nz/aboutir/reports/cust-survey/csp-previous-years/customer-satisfaction-results-jan-march-17.html,HTML,,October to December 2016 results,,https://www.classic.ird.govt.nz/aboutir/reports/cust-survey/csp-previous-years/customer-satisfaction-results-oct-dec-16.html,HTML,,July to September 2016 results,,https://www.classic.ird.govt.nz/aboutir/reports/cust-survey/csp-previous-years/customer-satisfaction-results-jul-sep-16.html,HTML,,,,,,,,,
Customer Satisfaction and Perceptions survey annual results,Annual survey results for customer satisfaction and perception of Inland Revenue,Annual,https://creativecommons.org/licenses/by/4.0/,"Corporate Data, Customer",,,https://www.classic.ird.govt.nz/aboutir/reports/cust-survey/csp-previous-years/customer-satisfaction-index-2017-2018.html,Published,07-2017/06-2018,,Inland Revenue,Open Data enquiry,open.data2@ird.govt.nz,,Annual results July 2017 to June 2018,,https://www.classic.ird.govt.nz/aboutir/reports/cust-survey/csp-previous-years/customer-satisfaction-results-ann-jul-17-jun-18.html,HTML,,Annual results July 2016 to June 2017,,https://www.classic.ird.govt.nz/aboutir/reports/cust-survey/csp-previous-years/customer-satisfaction-results-july-16-june-17.html,HTML,,Annual results July 2015 to June 2016,,https://www.classic.ird.govt.nz/aboutir/reports/cust-survey/csp-previous-years/customer-satisfaction-results-july-15-june-16.html,HTML,,,,,,,,,,,,,,,,,,,,,,,,,,,,,,,,,,,,,,,,,,,,
Customer Satisfaction and Perceptions survey quarterly results 2015-16,Quarterly survey results for customer satisfaction and perception of Inland Revenue,Quarterly,https://creativecommons.org/licenses/by/4.0/,"Corporate Data, Customer",,,https://www.classic.ird.govt.nz/aboutir/reports/cust-survey/csp-previous-years/customer-satisfaction-index-2015-2016.html,Published,07-2015/04-2016,,Inland Revenue,Open Data enquiry,open.data2@ird.govt.nz,,April to June 2016 results,,https://www.classic.ird.govt.nz/aboutir/reports/cust-survey/csp-previous-years/customer-satisfaction-results-apr-june-16.html,HTML,,January to March 2016 results,,https://www.classic.ird.govt.nz/aboutir/reports/cust-survey/csp-previous-years/customer-satisfaction-results-jan-march-16.html,HTML,,October to December 2015 results,,https://www.classic.ird.govt.nz/aboutir/reports/cust-survey/csp-previous-years/customer-satisfaction-results-oct-dec-15.html,HTML,,July to September 2015 results,,https://www.classic.ird.govt.nz/aboutir/reports/cust-survey/csp-previous-years/customer-satisfaction-results-jul-sep-15.html,HTML,,,,,,,,,,,,,,,,,,,,,,,,,,,,,,,,,,,,,,,
IDI Data Dictionary: IR tax data,Documents the content of the datasets the Inland Revenue  provides to Statistics New Zealand to use in the Integrated Data Infrastructure (IDI).,Monthly ,https://creativecommons.org/licenses/by/4.0/,"Customer, PAYE, integrated data infrastructure, curfs, unit record file",30/09/2015,,,Published,,,Stats NZ,Integratred Data team,access2microdata@stats.govt.nz,,IDI Data Dictionary: IR tax data. ISSN 2463-3615 (online),,http://archive.stats.govt.nz/~/media/Statistics/browse-categories/snapshots-of-nz/integrated-data-infrastructure/IDI%20data%20dictionaries/idi-dd-irtax-sep-15.pdf,PDF,,,,,,,,,,,,,,,,,,,,,,,,,,,,,,,,,,,,,,,,,,,,,,,,,,,,,,
Student Loans and Allowances ,"These releases provide information on the different characteristics of student loan borrowers, in terms of personal variables (such as sex and age), and characteristics of their loans (amount borrowed, total debt, and voluntary repayments). ",Annual,https://creativecommons.org/licenses/by/4.0/,"Student Loans , Payments and refunds, Interest, Individuals",,,http://archive.stats.govt.nz/browse_for_stats/education_and_training/Tertiary%20education/StudentLoansandAllowances_HOTP13.aspx,Published,2000/2013,,Stats NZ,InfoCentre,info@stats.govt.nz,Stats NZ no longer publish an information release on student loans and allowances.  See instead: Student loan scheme annual reports on the Education Counts website (https://www.educationcounts.govt.nz/publications/80898/2555),Student Loans and Allowances 2013 ,,http://archive.stats.govt.nz/~/media/Statistics/Browse%20for%20stats/StudentLoansandAllowances/HOTP13/sla-2013-tables.xls,XLS,192kb,Student Loans and Allowances 2012,,http://archive.stats.govt.nz/~/media/Statistics/Browse%20for%20stats/StudentLoansandAllowances/HOTP12/sla-2012-tables.xls,XLS,76kb,Student Loans and Allowances 2011,,http://archive.stats.govt.nz/~/media/Statistics/Browse%20for%20stats/StudentLoansandAllowances/HOTP11/SLA%202011-tables.xls,XLS,180kb,Student Loans and Allowances 2010,,http://archive.stats.govt.nz/~/media/Statistics/Browse%20for%20stats/StudentLoansandAllowances/HOTP10/sla-2010-tables-new1.xls,XLS,394kb,Student Loans and Allowances 2009,,http://archive.stats.govt.nz/~/media/Statistics/Browse%20for%20stats/StudentLoansandAllowances/HOTP09/Student%20Loans%20and%20Allowances%202009%20-%20Tables.xls,XLS,430kb,Student Loans and Allowances 2008,,http://archive.stats.govt.nz/~/media/Statistics/Browse%20for%20stats/StudentLoansandAllowances/HOTP08/sla-08-Tables.xls,XLS,335kb,Student Loans and Allowances 2007,,http://archive.stats.govt.nz/~/media/Statistics/Browse%20for%20stats/StudentLoansandAllowances/HOTP07/Student-Loans-and-Allowances-2007-tables115-Excel-277KB.xls,XLS,311kb,Student Loans and Allowances 2006,,http://archive.stats.govt.nz/~/media/Statistics/Browse%20for%20stats/StudentLoansandAllowances/HOTP06/sla-06-all-tables_final1.xls,XLS,603kb,Student Loans and Allowances 2005,,http://archive.stats.govt.nz/~/media/Statistics/Browse%20for%20stats/StudentLoansandAllowances/HOTP05/s-l-a-05-all-tables.xls,XLS,399kb,Student Loans and Allowances 1997-2004,,http://archive.stats.govt.nz/~/media/Statistics/Browse%20for%20stats/StudentLoansandAllowances/previous-releases/slb97-04alltables.xls,XLS,309kb,,,,,,,,
"Number of active/provisional KiwiSaver members, by enrolment method","The amount of active/provisional KiwiSaver members, categorised by enrolment method. 								",Annual,https://creativecommons.org/licenses/by/4.0/,"KiwiSaver , Enrolment, Individuals",,,https://www.kiwisaver.govt.nz/statistics/annual/,Published,03-2009/03-2018,,Inland Revenue,Open Data enquiry,open.data2@ird.govt.nz,,"Number of active/provisional KiwiSaver members, by enrolment method",,http://www.kiwisaver.govt.nz/resources/c/4/c4453c804172d32dbc34fe6fe0111a70/Annual+-+Data.xls,XLS,48kb,,,,,,,,,,,,,,,,,,,,,,,,,,,,,,,,,,,,,,,,,,,,,,,,,,,,,
"Number of contribution holidays, by type","Number of contribution holidays, by type. There are two types of contribution holiday: ordinary which can be granted to any member after 12 months of membership and financial hardship which can be granted earlier for members in financial hardship 								
",Annual,https://creativecommons.org/licenses/by/4.0/,"KiwiSaver , Enrolment, Individuals",,,https://www.kiwisaver.govt.nz/statistics/annual/,Published,03-2009/03-2018,,Inland Revenue,Open Data enquiry,open.data2@ird.govt.nz,,"Number of contribution holidays, by type",,http://www.kiwisaver.govt.nz/resources/c/4/c4453c804172d32dbc34fe6fe0111a70/Annual+-+Data.xls,XLS,48kb,,,,,,,,,,,,,,,,,,,,,,,,,,,,,,,,,,,,,,,,,,,,,,,,,,,,,
"Number of active/provisional KiwiSaver members, by age","The number of active/provisional KiwiSaver members, by age ",Annual,https://creativecommons.org/licenses/by/4.0/,"KiwiSaver , Enrolment, Individuals",,,https://www.kiwisaver.govt.nz/statistics/annual/,Published,03-2009/03-2018,,Inland Revenue,Open Data enquiry,open.data2@ird.govt.nz,,"Number of active/provisional KiwiSaver members, by age",,http://www.kiwisaver.govt.nz/resources/c/4/c4453c804172d32dbc34fe6fe0111a70/Annual+-+Data.xls,XLS,48kb,,,,,,,,,,,,,,,,,,,,,,,,,,,,,,,,,,,,,,,,,,,,,,,,,,,,,
"Number of active/provisional KiwiSaver members, by gender","The number of active/provisional KiwiSaver members, by gender ",Annual,https://creativecommons.org/licenses/by/4.0/,"KiwiSaver , Enrolment, Individuals",,,https://www.kiwisaver.govt.nz/statistics/annual/,Published,03-2009/03-2018,,Inland Revenue,Open Data enquiry,open.data2@ird.govt.nz,,"Number of active/provisional KiwiSaver members, by gender",,http://www.kiwisaver.govt.nz/resources/c/4/c4453c804172d32dbc34fe6fe0111a70/Annual+-+Data.xls,XLS,48kb,,,,,,,,,,,,,,,,,,,,,,,,,,,,,,,,,,,,,,,,,,,,,,,,,,,,,
"Non-active members (closures and opt-outs)									
",The amount of non active members and their status (closed or opt-out) ,Annual,https://creativecommons.org/licenses/by/4.0/,"KiwiSaver , Enrolment, Individuals",,,https://www.kiwisaver.govt.nz/statistics/annual/,Published,03-2009/03-2018,,Inland Revenue,Open Data enquiry,open.data2@ird.govt.nz,,"Non-active members (closures and opt-outs)									
",,http://www.kiwisaver.govt.nz/resources/c/4/c4453c804172d32dbc34fe6fe0111a70/Annual+-+Data.xls,XLS,48kb,,,,,,,,,,,,,,,,,,,,,,,,,,,,,,,,,,,,,,,,,,,,,,,,,,,,,
"Payments from Inland Revenue to KiwiSaver Scheme Providers									
","Payments from Inland Revenue to KiwiSaver Scheme Providers: 1. Figures are gross and do not include payments refunded by providers to Inland Revenue.				2. Figures do not include KiwiSaver contributions held by Inland Revenue.				3. MTC figures represent all MTC paid to KiwiSaver providers. Figures exclude MTC paid to complying funds.	",Annual,https://creativecommons.org/licenses/by/4.0/,"KiwiSaver , Payments and Refunds, Individuals",,,https://www.kiwisaver.govt.nz/statistics/annual/,Published,03-2009/03-2018,,Inland Revenue,Open Data enquiry,open.data2@ird.govt.nz,,"Payments from Inland Revenue to KiwiSaver Scheme Providers									
",,http://www.kiwisaver.govt.nz/resources/c/4/c4453c804172d32dbc34fe6fe0111a70/Annual+-+Data.xls,XLS,48kb,,,,,,,,,,,,,,,,,,,,,,,,,,,,,,,,,,,,,,,,,,,,,,,,,,,,,
"Number of Contribution Holidays, by Duration									
",The number of contribution holidays categorised by their duration ,Annual,https://creativecommons.org/licenses/by/4.0/,"KiwiSaver , Enrolment, Individuals",,,https://www.kiwisaver.govt.nz/statistics/annual/,Published,03-2009/03-2018,,Inland Revenue,Open Data enquiry,open.data2@ird.govt.nz,,"Number of Contribution Holidays, by Duration									
",,http://www.kiwisaver.govt.nz/resources/c/4/c4453c804172d32dbc34fe6fe0111a70/Annual+-+Data.xls,XLS,48kb,,,,,,,,,,,,,,,,,,,,,,,,,,,,,,,,,,,,,,,,,,,,,,,,,,,,,
"Number of active/provisional KiwiSaver members, by scheme entry method","The number of active/provisional KiwiSaver members categorised by scheme entry method. Scheme entry method is the method members have used to enter their current scheme.			
",Annual,https://creativecommons.org/licenses/by/4.0/,"KiwiSaver , Enrolment, Individuals",,,https://www.kiwisaver.govt.nz/statistics/annual/,Published,03-2009/03-2018,,Inland Revenue,Open Data enquiry,open.data2@ird.govt.nz,,"Number of active/provisional KiwiSaver members, by scheme entry method",,http://www.kiwisaver.govt.nz/resources/c/4/c4453c804172d32dbc34fe6fe0111a70/Annual+-+Data.xls,XLS,48kb,,,,,,,,,,,,,,,,,,,,,,,,,,,,,,,,,,,,,,,,,,,,,,,,,,,,,
"Number of active/provisional KiwiSaver members, by income bracket									
","The amount of active/provisional KiwiSaver members, categorised by income bracket.  1. Income details are for the tax year prior to each financial year. For example		
income details for members as at 30 June 2016 is from the 2015 tax year.		
2. Members with no income are excluded.		
							
",Annual,https://creativecommons.org/licenses/by/4.0/,"KiwiSaver , Enrolment, Individuals",,,https://www.kiwisaver.govt.nz/statistics/annual/,Published,03-2009/03-2018,,Inland Revenue,Open Data enquiry,open.data2@ird.govt.nz,,"Number of active/provisional KiwiSaver members, by income bracket									
",,http://www.kiwisaver.govt.nz/resources/c/4/c4453c804172d32dbc34fe6fe0111a70/Annual+-+Data.xls,XLS,48kb,,,,,,,,,,,,,,,,,,,,,,,,,,,,,,,,,,,,,,,,,,,,,,,,,,,,,
Number of closed KiwiSaver Accounts ,"The amount of closed KiwiSaver accounts categoriesed by death, permanent emigration, retirement, serious illness and other.",Annual,https://creativecommons.org/licenses/by/4.0/,"KiwiSaver , Enrolment, Individuals",,,https://www.kiwisaver.govt.nz/statistics/annual/,Published,03-2009/03-2018,,Inland Revenue,Open Data enquiry,open.data2@ird.govt.nz,,Number of closed KiwiSaver Accounts ,,http://www.kiwisaver.govt.nz/resources/c/4/c4453c804172d32dbc34fe6fe0111a70/Annual+-+Data.xls,XLS,48kb,,,,,,,,,,,,,,,,,,,,,,,,,,,,,,,,,,,,,,,,,,,,,,,,,,,,,
"Number of active/provisional KiwiSaver members, by region									
",The amount of active/provisional KiwiSaver members categorised by region,Annual,https://creativecommons.org/licenses/by/4.0/,"KiwiSaver , Enrolment, Individuals",,,https://www.kiwisaver.govt.nz/statistics/annual/,Published,03-2009/03-2018,,Inland Revenue,Open Data enquiry,open.data2@ird.govt.nz,,"Number of active/provisional KiwiSaver members, by region									
",,http://www.kiwisaver.govt.nz/resources/c/4/c4453c804172d32dbc34fe6fe0111a70/Annual+-+Data.xls,XLS,48kb,,,,,,,,,,,,,,,,,,,,,,,,,,,,,,,,,,,,,,,,,,,,,,,,,,,,,
KiwiSaver scheme transfers ,"1. Figures do not include transfers within the provisional period.
2. Figures only represent transfers within KiwiSaver schemes, transfers within complying funds are excluded.
3. Figures exclude transfers as a result of scheme mergers. ",Annual,https://creativecommons.org/licenses/by/4.0/,"KiwiSaver , Enrolment, Individuals",,,https://www.kiwisaver.govt.nz/statistics/annual/,Published,03-2009/03-2018,,Inland Revenue,Open Data enquiry,open.data2@ird.govt.nz,,KiwiSaver scheme transfers ,,http://www.kiwisaver.govt.nz/resources/c/4/c4453c804172d32dbc34fe6fe0111a70/Annual+-+Data.xls,XLS,48kb,,,,,,,,,,,,,,,,,,,,,,,,,,,,,,,,,,,,,,,,,,,,,,,,,,,,,
"Number of KiwiSaver Fund Withdrawals, by withdrawal reason","The number of KiwiSaver fund withdrawals categorised by withdrawal reason. 1. Figures are what has been provided by Scheme Providers to Inland Revenue and may not be 100% of all fund withdrawals.				
",Annual,https://creativecommons.org/licenses/by/4.0/,"KiwiSaver , Payments and Refunds, Individuals",,,https://www.kiwisaver.govt.nz/statistics/annual/,Published,03-2009/03-2018,,Inland Revenue,Open Data enquiry,open.data2@ird.govt.nz,,"Number of KiwiSaver Fund Withdrawals, by withdrawal reason",,http://www.kiwisaver.govt.nz/resources/c/4/c4453c804172d32dbc34fe6fe0111a70/Annual+-+Data.xls,XLS,48kb,,,,,,,,,,,,,,,,,,,,,,,,,,,,,,,,,,,,,,,,,,,,,,,,,,,,,
"Amount of KiwiSaver funds withdrawn, by withdrawal reason ","The amount of KiwiSaver funds withdrawn, by withdrawal reason. 1. Figures are what has been provided by Scheme Providers to Inland Revenue and may not be 100% of all fund withdrawals.	",Annual,https://creativecommons.org/licenses/by/4.0/,"KiwiSaver , Payments and Refunds, Individuals",,,https://www.kiwisaver.govt.nz/statistics/annual/,Published,03-2009/03-2018,,Inland Revenue,Open Data enquiry,open.data2@ird.govt.nz,,"Amount of KiwiSaver funds withdrawn, by withdrawal reason ",,http://www.kiwisaver.govt.nz/resources/c/4/c4453c804172d32dbc34fe6fe0111a70/Annual+-+Data.xls,XLS,48kb,,,,,,,,,,,,,,,,,,,,,,,,,,,,,,,,,,,,,,,,,,,,,,,,,,,,,
Student Loan Scheme 2018 Data Tables ,"Statistics relating to the Student Loan Scheme, including loan uptake, amount borrowed, loan balance, and repayment.",Annual,https://creativecommons.org/licenses/by/4.0/,"Student Loans, Payments and Refunds , Individuals",,,https://www.educationcounts.govt.nz/publications/tertiary_education/annual/student-loan-scheme-annual-report-2018,Published,2018,,Inland Revenue,Open Data enquiry,open.data2@ird.govt.nz,,Student Loan Scheme 2018 Data Tables ,,https://www.educationcounts.govt.nz/__data/assets/excel_doc/0007/192886/Data-Tables-2018.xlsx,XLSX,199kb,,,,,,,,,,,,,,,,,,,,,,,,,,,,,,,,,,,,,,,,,,,,,,,,,,,,,
Student Loan Scheme 2016 Data Tables ,"Statistics relating to the Student Loan Scheme, including loan uptake, amount borrowed, loan balance, and repayment.",Annual,https://creativecommons.org/licenses/by/4.0/,"Student Loans, Payments and Refunds , Individuals",,,https://www.educationcounts.govt.nz/publications/80898/2555/student-loan-scheme-annual-report-2016,Published,2016,,Inland Revenue,Open Data enquiry,open.data2@ird.govt.nz,,Student Loan Scheme 2016 Data Tables ,,https://www.educationcounts.govt.nz/__data/assets/excel_doc/0017/180710/Student-Loan-Scheme-2016-Web-tables-141216.xlsx,XLS,217.9kb,,,,,,,,,,,,,,,,,,,,,,,,,,,,,,,,,,,,,,,,,,,,,,,,,,,,,
Student Loan Scheme 2015 Data Tables ,"Statistics relating to the Student Loan Scheme, including loan uptake, amount borrowed, loan balance, and repayment.",Annual,https://creativecommons.org/licenses/by/4.0/,"Student Loans, Payments and Refunds , Individuals",,,https://www.educationcounts.govt.nz/publications/80898/2555/student-loan-scheme-annual-report-2015,Published,2015,,Inland Revenue,Open Data enquiry,open.data2@ird.govt.nz,,Student Loan Scheme 2015 Data Tables ,,https://www.educationcounts.govt.nz/__data/assets/excel_doc/0013/170230/2015-Data-tables.xlsx,XLS,184kb,,,,,,,,,,,,,,,,,,,,,,,,,,,,,,,,,,,,,,,,,,,,,,,,,,,,,
Student Loan Scheme 2014 Data Tables ,"Statistics relating to the Student Loan Scheme, including loan uptake, amount borrowed, loan balance, and repayment.",Annual,https://creativecommons.org/licenses/by/4.0/,"Student Loans, Payments and Refunds , Individuals",,,https://www.educationcounts.govt.nz/publications/80898/2555/student-loan-scheme-annual-report-2014,Published,2014,,Inland Revenue,Open Data enquiry,open.data2@ird.govt.nz,,Student Loan Scheme 2014 Data Tables ,,https://www.educationcounts.govt.nz/__data/assets/excel_doc/0005/164948/2014-Student-Loan-Scheme-Annual-Report.xlsx,XLS,191.8kb,,,,,,,,,,,,,,,,,,,,,,,,,,,,,,,,,,,,,,,,,,,,,,,,,,,,,
Student Loan Scheme 2013 Data Tables ,"Statistics relating to the Student Loan Scheme, including loan uptake, amount borrowed, loan balance, and repayment.",Annual,https://creativecommons.org/licenses/by/4.0/,"Student Loans, Payments and Refunds , Individuals",,,https://www.educationcounts.govt.nz/publications/80898/2555/student-loan-scheme-annual-report-2013,Published,2013,,Inland Revenue,Open Data enquiry,open.data2@ird.govt.nz,,Student Loan Scheme 2013 Data Tables ,,https://www.educationcounts.govt.nz/__data/assets/excel_doc/0003/144570/2013-Student-Loan-Scheme-Data.xlsx,XLS,177.2kb,,,,,,,,,,,,,,,,,,,,,,,,,,,,,,,,,,,,,,,,,,,,,,,,,,,,,
Student Loan Scheme 2012 Data Tables ,"Statistics relating to the Student Loan Scheme, including loan uptake, amount borrowed, loan balance, and repayment.",Annual,https://creativecommons.org/licenses/by/4.0/,"Student Loans, Payments and Refunds , Individuals",,,https://www.educationcounts.govt.nz/publications/80898/2555/114630,Published,2012,,Inland Revenue,Open Data enquiry,open.data2@ird.govt.nz,,Student Loan Scheme 2012 Data Tables ,,https://www.educationcounts.govt.nz/__data/assets/excel_doc/0003/114636/Data-Student-Loan-Scheme-Annual-Report-2012.xls,XLS,549kb,,,,,,,,,,,,,,,,,,,,,,,,,,,,,,,,,,,,,,,,,,,,,,,,,,,,,
Student Loan Scheme 2011 Data Tables ,"Statistics relating to the Student Loan Scheme, including loan uptake, amount borrowed, loan balance, and repayment.",Annual,https://creativecommons.org/licenses/by/4.0/,"Student Loans, Payments and Refunds , Individuals",,,https://www.educationcounts.govt.nz/publications/80898/2555/student-loan-scheme-annual-report-2011,Published,2011,,Inland Revenue,Open Data enquiry,open.data2@ird.govt.nz,,Student Loan Scheme 2011 Data Tables ,,https://www.educationcounts.govt.nz/__data/assets/excel_doc/0017/105551/Student-Loan-Scheme-Data-2011.xls,XLS,541.5kb,,,,,,,,,,,,,,,,,,,,,,,,,,,,,,,,,,,,,,,,,,,,,,,,,,,,,
Annual Report New Zealand Inland Revenue ,"Inland Revenue annual publication documents detailing measures,  achievements, audits and other reporting and analytics for each tax year ",Annual,https://creativecommons.org/licenses/by/4.0/,"Corporate Data, annual report, financial reports and measures",,,http://natlib-primo.hosted.exlibrisgroup.com/primo_library/libweb/action/search.do?mode=Basic&vid=NLNZ&vl(freeText0)=2230-6013&fn=search&tab=catalogue&,Published,07-2004/06-2018,,Inland Revenue,Open Data enquiry,open.data2@ird.govt.nz,,Annual Report New Zealand Inland Revenue ,,http://natlib-primo.hosted.exlibrisgroup.com/primo_library/libweb/action/display.do?tabs=viewOnlineTab&ct=display&fn=search&doc=dedupmrg1136221673&indx=1&recIds=dedupmrg1136221673&recIdxs=0&elementId=0&renderMode=poppedOut&displayMode=full&frbrVersion=&vid=NLNZ&mode=Basic&tab=catalogue&vl(55035061UI0)=lsr33&dscnt=0&vl(freeText0)=2230-6013&scp.scps=scope%3A%28NLNZ_ALMA%29&vl(111042389UI1)=all_items&dstmp=1534281740122,PDF,,,,,,,,,,,,,,,,,,,,,,,,,,,,,,,,,,,,,,,,,,,,,,,,,,,,,,
