title,description,identifier,licence,keywords,issued,modified,publisher.name,publisher.mbox,contactPoint.fn,contactPoint.hasPhone,contactPoint.hasEmail,landingPage,updateFrequency,theme,temporal,spatial,distribution.0.downloadURL,distribution.0.format,distribution.0.size,distribution.0.title,distribution.1.downloadURL,distribution.1.format,distribution.1.size,distribution.1.title,distribution.2.downloadURL,distribution.2.format,distribution.2.size,distribution.2.title,distribution.3.downloadURL,distribution.3.format,distribution.3.size,distribution.3.title,distribution.4.downloadURL,distribution.4.format,distribution.4.size,distribution.4.title,distribution.5.downloadURL,distribution.5.format,distribution.5.size,distribution.5.title,distribution.6.downloadURL,distribution.6.format,distribution.6.size,distribution.6.title
Active customers by entity type,Shows the number of active customers grouped by entity type.,https://www.ird.govt.nz/about-us/archived-statistics/inland-revenue-customers/entity-type,https://creativecommons.org/licenses/by/4.0/,"clubsociety, company, customer, diplomatic mission, government department, individuals, maori authority, partnership, registration, super fund, trustestate, unit trust",,,Inland Revenue,,Inland Revenue,,open.data2@ird.govt.nz,https://www.ird.govt.nz/about-us/archived-statistics/inland-revenue-customers/entity-type,Annual,Customer,03-2008/03-2017,,https://www.ird.govt.nz/-/media/Files/Statistics/IR-Customers/Active-customer-group-08-17.csv,CSV,,Data in CSV format,https://www.ird.govt.nz/-/media/Files/Statistics/IR-Customers/Active-customers-entity-type-08-17.xlsx,XLSX,,Data in EXCEL format,,,,,,,,,,,,,,,,,,,,
Active customers by geographic areas,Shows the number of active customers by geographic area. Area is defined through proximity to district office.,https://www.ird.govt.nz/about-us/archived-statistics/inland-revenue-customers/geographic-areas,https://creativecommons.org/licenses/by/4.0/,"clubsociety, company, customer, diplomatic mission, government department, individuals, maori authority, partnership, registration, super fund, trustestate, unit trust",,,Inland Revenue,,Inland Revenue,,open.data2@ird.govt.nz,https://www.ird.govt.nz/about-us/archived-statistics/inland-revenue-customers/geographic-areas,Annual,Customer,03-2008/03-2017,,https://www.ird.govt.nz/-/media/Files/Statistics/IR-Customers/Active-customers-geographic-area-08-17.csv,CSV,,Data in CSV format,https://www.ird.govt.nz/-/media/Files/Statistics/IR-Customers/Active-customers-by-geographic-area-08-17.xlsx,XLSX,,Data in EXCEL format,,,,,,,,,,,,,,,,,,,,
Amount of KiwiSaver funds withdrawn by reasons 2010-2020,Statistics on the dollar amount of fund withdrawals each financial year for both first home and financial  by hardship withdrawals,https://www.ird.govt.nz/about-us/tax-statistics/kiwisaver/withdrawals/amount,https://creativecommons.org/licenses/by/4.0/,"dollar amount, kiwisaver funds withdrawn by reasons",,,Inland Revenue,,Inland Revenue,,open.data2@ird.govt.nz,https://www.ird.govt.nz/about-us/tax-statistics/kiwisaver/withdrawals/amount,Annual,Social Policy,06-2010/03-2020,,https://www.ird.govt.nz/about-us/tax-statistics/kiwisaver/withdrawals/amount,HTML,,Amount of KiwiSaver fund withdrawals by withdrawal reason each month,https://www.ird.govt.nz/about-us/tax-statistics/kiwisaver/withdrawals/number,HTML,,Number of KiwiSaver fund withdrawals by withdrawal reason each month,,,,,,,,,,,,,,,,,,,,
Binding rulings,The number of draft rulings issued that are counted under the timeliness measures and the average time to complete those draft rulings.,https://www.ird.govt.nz/about-us/archived-statistics/audit-legal-issues-data/binding-rulings,https://creativecommons.org/licenses/by/4.0/,"assessment, audit, club, company, diplomatic mission, government department, individuals, maori authority, partnership, society, super fund, trustestate, unit trust",,,Inland Revenue,,Inland Revenue,,open.data2@ird.govt.nz,https://www.ird.govt.nz/about-us/archived-statistics/audit-legal-issues-data/binding-rulings,Annual,Audit,06-2009/06-2017,,https://www.ird.govt.nz/-/media/Files/Statistics/Tax-data---audit-and-legal-issues/binding-rulings-csv.csv,CSV,,Binding rulings in CSV format,https://www.ird.govt.nz/-/media/Files/Statistics/Tax-data---audit-and-legal-issues/binding-rulings.xls,XLS,,Binding rulings in Excel format,,,,,,,,,,,,,,,,,,,,
Customer Satisfaction and Perceptions survey results 2015 to 2016,Survey results for customer satisfaction and perception of Inland Revenue,https://www.ird.govt.nz/about-us/publications/customer-survey/previous-years/2015-2016,https://creativecommons.org/licenses/by/4.0/,"corporate data, customer satisfaction",,,Inland Revenue,,Inland Revenue,,open.data2@ird.govt.nz,https://www.ird.govt.nz/about-us/publications/customer-survey/previous-years/2015-2016,Quarterly,Corporate data,07-2015/06-2016,,https://www.ird.govt.nz/about-us/publications/customer-survey/previous-years/2015-2016,HTML,,Annual survey results July 2015 - June 2016,https://www.ird.govt.nz/about-us/publications/customer-survey/previous-years/2015-2016/july-sept,HTML,,Quarterly survey results for July 2016 to Sept 2016,https://www.ird.govt.nz/about-us/publications/customer-survey/previous-years/2015-2016/oct-dec,HTML,,Quarterly survey results for Oct 2016 to Dec 2016,https://www.ird.govt.nz/about-us/publications/customer-survey/previous-years/2015-2016/jan-march,HTML,,Quarterly survey results for Jan 2017 to Mar 2017,https://www.ird.govt.nz/about-us/publications/customer-survey/previous-years/2015-2016/april-june,HTML,,Quarterly results for Apr 2017 to June 2017,,,,,,,,
Customer Satisfaction and Perceptions survey results 2016 to 2017,Survey results for customer satisfaction and perception of Inland Revenue,https://www.ird.govt.nz/about-us/publications/customer-survey/previous-years/2016-2017,https://creativecommons.org/licenses/by/4.0/,"corporate data, customer satisfaction",,,Inland Revenue,,Inland Revenue,,open.data2@ird.govt.nz,https://www.ird.govt.nz/about-us/publications/customer-survey/previous-years/2016-2017,Quarterly,Corporate Data,07-2016/06-2017,,https://www.ird.govt.nz/about-us/publications/customer-survey/previous-years/2016-2017,HTML,,Yearly survey results for July 2016 to June 2017,https://www.ird.govt.nz/about-us/publications/customer-survey/previous-years/2016-2017/july-sept,HTML,,Quarterly survey results for Jul 2016 to Sept 2016,https://www.ird.govt.nz/about-us/publications/customer-survey/previous-years/2016-2017/oct-dec,HTML,,Quarterly survey results for Oct 2016 to Dec 2016,https://www.ird.govt.nz/about-us/publications/customer-survey/previous-years/2016-2017/jan-march,HTML,,Quarterly results for Jan 2017 to Mar 2017,https://www.ird.govt.nz/about-us/publications/customer-survey/previous-years/2016-2017/april-june,HTML,,Quarterly results for Apr 2017 to Jun 2017,,,,,,,,
Customer Satisfaction and Perceptions survey results 2017 to 2018,Survey results for customer satisfaction and perception of Inland Revenue,https://www.ird.govt.nz/about-us/publications/customer-survey/previous-years/2017-2018,https://creativecommons.org/licenses/by/4.0/,"corporate data, customer satisfaction",,,Inland Revenue,,Inland Revenue,,open.data2@ird.govt.nz,https://www.ird.govt.nz/about-us/publications/customer-survey/previous-years/2017-2018,Annual,Corporate Data,07-2017/06-2018,,https://www.ird.govt.nz/about-us/publications/customer-survey/previous-years/2017-2018,HTML,,Yearly survey results July 2017 to June 2018,https://www.ird.govt.nz/about-us/publications/customer-survey/previous-years/2017-2018/july-sept,HTML,,Quarterly survey results for July 2019 to Sept 2017,https://www.ird.govt.nz/about-us/publications/customer-survey/previous-years/2017-2018/oct-dec,HTML,,Quarterly survey results from Oct 2017 to Dec 2017,https://www.ird.govt.nz/about-us/publications/customer-survey/previous-years/2017-2018/jan-march,HTML,,Quarterly results for Jan 2018 to Mar 2018,https://www.ird.govt.nz/about-us/publications/customer-survey/previous-years/2017-2018/april-june,HTML,,Quarterly results for Apr 2018 to Jun 2018,,,,,,,,
Customer Satisfaction and Perceptions survey results 2018 to 2019,Survey results for customer satisfaction and perception of Inland Revenue,https://www.ird.govt.nz/about-us/publications/customer-survey,https://creativecommons.org/licenses/by/4.0/,"corporate data, customer satisfaction",,,Inland Revenue,,Inland Revenue,,open.data2@ird.govt.nz,https://www.ird.govt.nz/about-us/publications/customer-survey,Quarterly,Corporate data,10-2018/06-2019,,https://www.ird.govt.nz/about-us/publications/customer-survey/oct-dec-2018,HTML,,Quarterly survey results Oct 2018 to Dec 2018,https://www.ird.govt.nz/about-us/publications/customer-survey/jan-march-2019,HTML,,Quarterly survey results for Jan 2019 to Mar 2019,https://www.ird.govt.nz/about-us/publications/customer-survey/april-june-2019,HTML,,Quarterly results Apr 2019 to June 2019,,,,,,,,,,,,,,,,
Donations tax credit claimed,Statistics relating to donations tax credit claimed 2004 to 2018,https://www.ird.govt.nz/about-us/tax-statistics/revenue-refunds/dtc,https://creativecommons.org/licenses/by/4.0/,"average donations, donation tax credit, tax credit",,,Inland Revenue,,Inland Revenue,,open.data2@ird.govt.nz,https://www.ird.govt.nz/about-us/tax-statistics/revenue-refunds/dtc,Annual,"Tax Credit, Subsidy and Grant, donation",01-2004/12-2018,,https://www.ird.govt.nz/-/media/Files/Statistics/Revenue-and-refunds/Donation-tax-credit-2004-to-2018/num-donations-04-18.xlsx,XLS,,Number of donations tax credit claimed (XLSX),https://www.ird.govt.nz/-/media/Files/Statistics/Revenue-and-refunds/Donation-tax-credit-2004-to-2018/num-donations-04-18-csv.csv,CSV,,Number of donations tax credit claimed (CSV),https://www.ird.govt.nz/-/media/Files/Statistics/Revenue-and-refunds/Donation-tax-credit-2004-to-2018/ave-donation-claimed-per-claimant-04-18.xlsx,XLSX,,Average donations tax credit claimed per claimant (XLSX),https://www.ird.govt.nz/-/media/Files/Statistics/Revenue-and-refunds/Donation-tax-credit-2004-to-2018/ave-donation-claimed-per-claimant-04-18-csv.csv,CSV,,Average donations tax credit claimed per claimant (CSV),https://www.ird.govt.nz/-/media/Files/Statistics/Revenue-and-refunds/Donation-tax-credit-2004-to-2018/claimed-through-payroll-giving-11-19.xlsx,XLSX,,Tax credits claimed through payroll giving via employers (XLSX),,,,,,,,
IDI Data Dictionary - IR tax data,Documents the content of the datasets the Inland Revenue  provides to Statistics New Zealand to use in the Integrated Data Infrastructure (IDI).,http://archive.stats.govt.nz/browse_for_stats/snapshots-of-nz/integrated-data-infrastructure/idi-data.aspx,https://creativecommons.org/licenses/by/4.0/,"data, dictionary, idi, research, tax",,,Inland Revenue,,Stats NZ IDI team,,access2microdata@stats.govt.nz,http://archive.stats.govt.nz/browse_for_stats/snapshots-of-nz/integrated-data-infrastructure/idi-data.aspx,Annual,"Customer, PAYE",04-1999/09-2015,,http://archive.stats.govt.nz/~/media/Statistics/browse-categories/snapshots-of-nz/integrated-data-infrastructure/IDI%20data%20dictionaries/idi-dd-irtax-sep-15.pdf,PDF,,IDI Data Dictionary-IR tax data,,,,,,,,,,,,,,,,,,,,,,,,
Income distributions of individual customers 2001 to 2018,"Statistics relating to the estimates of the number of individuals in bands of taxable income up to $250,000 (2001-2009), and up to $300,000 (from 2010 onwards).",https://www.ird.govt.nz/about-us/tax-statistics/revenue-refunds/income-distribution,https://creativecommons.org/licenses/by/4.0/,"income distribution, individuals, tax",,,Inland Revenue,,Inland Revenue,,open.data2@ird.govt.nz,https://www.ird.govt.nz/about-us/tax-statistics/revenue-refunds/income-distribution,Annual,Income distribution of customers,01-2001/12-2018/19,,https://www.ird.govt.nz/-/media/Files/Statistics/Revenue-and-refunds/Income-distributions-of-individual-customers-2001-to-2018/Thousand-dollar-bands-2001-2018-July-2019.xlsx,XLS,,Income distributions of individual customers (XLSX),https://www.ird.govt.nz/-/media/Files/Statistics/Revenue-and-refunds/Income-distributions-of-individual-customers-2001-to-2018/Thousand-dollar-bands-2001-2018-July-2019-csv.csv,CSV,,Income distributions of individual customers (CSV),,,,,,,,,,,,,https://www.ird.govt.nz/-/media/Files/Statistics/Revenue-and-refunds/Donation-tax-credit-2004-to-2018/claimed-through-payroll-giving-11-19-csv.csv,CSV,,Tax credits claimed through payroll giving via employers (CSV),,,,
Income of trusts IR6 returns,"The total income of trusts that allocated beneficiary or trustee income. This data was extracted on 25 September 2017. All data is subject to further updates, but the data for 2016 in particular is incomplete.",https://www.ird.govt.nz/about-us/tax-statistics/revenue-refunds/trusts-ir6,https://creativecommons.org/licenses/by/4.0/,"assessments, filing, income tax, payments and refunds, trust estate",,,Inland Revenue,,Inland Revenue,,open.data2@ird.govt.nz,https://www.ird.govt.nz/about-us/tax-statistics/revenue-refunds/trusts-ir6,Annual,Income Tax,01-2001/12-2018,,https://www.ird.govt.nz/-/media/Files/Statistics/Revenue-and-refunds/Income-of-trusts-IR6-returns-2001-to-2018/trusts-data-july-2019-csv.csv,CSV,,Income of trusts IR6 returns,https://www.ird.govt.nz/-/media/Files/Statistics/Revenue-and-refunds/Income-of-trusts-IR6-returns-2001-to-2018/trusts-data-july-2019.xlsx,XLSX,,Income of trusts IR6 returns,,,,,,,,,,,,,,,,,,,,
Inland Revenue Commissioner's Expenses,Total expenses attributed to Inland Revenue's commissioner,https://www.ird.govt.nz/about-us/publications/annual-corporate-reports/commissioners-expenses,https://creativecommons.org/licenses/by/4.0/,"corporate data, financial reports and measures",,,Inland Revenue,,Inland Revenue,,open.data2@ird.govt.nz,https://www.ird.govt.nz/about-us/publications/annual-corporate-reports/commissioners-expenses,Annual,"Corporate Data, Financial reports and measures",07-2015/06-2019,,https://www.classic.ird.govt.nz/resources/b/3/b354daad-0283-44b7-9684-89a8b79e902f/commissioners-expenses-july-2015-June-2016.xlsx,XLSX,,Expenses July 2015 to June 2016,https://www.classic.ird.govt.nz/resources/2/4/241989ca-bd8f-47ad-8c1c-35c4ebf8b481/commissioners-expenses-july-2016-june-2017.xlsx,XLSX,,Expenses July 2016 to June 2017,https://www.classic.ird.govt.nz/resources/d/c/dc27fd38-d7e3-4de1-b54a-2e29fcada02c/commissioners-expenses-july-2017-june-2018.xlsx,XLSX,,Expenses July 2017 to June 2018,https://www.classic.ird.govt.nz/resources/b/7/b7ddc35f-0b64-46d7-9169-20034b2df91c/commissioners-expenses-2019-FINAL.xlsx,XLSX,,Expenses July 2018 to June 2019,,,,,,,,,,,,
KiwiSaver contributions - statistics,Statistics relating to KiwiSaver contributions,https://www.ird.govt.nz/about-us/tax-statistics/kiwisaver/contributions,https://creativecommons.org/licenses/by/4.0/,"kiwisaver, contributions, savings, scheme providers",,,Inland Revenue,,Inland Revenue,,open.data2@ird.govt.nz,https://www.ird.govt.nz/about-us/tax-statistics/kiwisaver/contributions,Annual,Social Policy,,,https://www.ird.govt.nz/about-us/tax-statistics/kiwisaver/contributions/savings-suspensions,HTML,,Statistics on KiwiSaver members on savings suspensions,https://www.ird.govt.nz/about-us/tax-statistics/kiwisaver/contributions/scheme-providers-payments,HTML,,Statistics on payments to scheme providers,,,,,,,,,,,,,,,,,,,,
KiwiSaver schemes - statistics,Statistics relating to KiwiSaver scheme membership,https://www.ird.govt.nz/about-us/tax-statistics/kiwisaver/schemes,https://creativecommons.org/licenses/by/4.0/,"kiwisaver, scheme, membership",,,Inland Revenue,,Inland Revenue,,open.data2@ird.govt.nz,https://www.ird.govt.nz/about-us/tax-statistics/kiwisaver/schemes,Annual,Social Policy,,,https://www.ird.govt.nz/about-us/tax-statistics/kiwisaver/schemes/entry-method,HTML,,Number of active/provisional KiwiSaver members by scheme entry method each month ,https://www.ird.govt.nz/about-us/tax-statistics/kiwisaver/schemes/transfer,HTML,,Number of scheme transfers during each month,,,,,,,,,,,,,,,,,,,,
KiwiSaver statistics by month,The data presented in this section shows selected KiwiSaver statistics for the current financial year.,https://www.ird.govt.nz/about-us/tax-statistics/kiwisaver/datasets,https://creativecommons.org/licenses/by/4.0/,"enrolment, individuals, kiwisaver",,,Inland Revenue,,Inland Revenue,,open.data2@ird.govt.nz,https://www.ird.govt.nz/about-us/tax-statistics/kiwisaver/datasets,Monthly,,03-2019/03-2020,,https://www.ird.govt.nz/-/media/Files/Statistics/KiwiSaver-statistics/monthly-data-march-2020.xlsx,XLS,,Monthly KiwiSaver statistics - March 2020,,,,,,,,,,,,,,,,,,,,,,,,
KiwiSaver statistics by year,The data presented in this section shows selected KiwiSaver statistics for previous financial years.,https://www.ird.govt.nz/about-us/tax-statistics/kiwisaver/datasets,https://creativecommons.org/licenses/by/4.0/,"enrolment, individuals, kiwisaver",,,Inland Revenue,,Inland Revenue,,open.data2@ird.govt.nz,https://www.ird.govt.nz/about-us/tax-statistics/kiwisaver/datasets,Annual,Social Policy,06-2010/06-2019,,https://www.ird.govt.nz/-/media/Files/Statistics/KiwiSaver-statistics/Annual-KiwiSaver-statistics.xls,XLS,,Annual KiwiSaver statistics,,,,,,,,,,,,,,,,,,,,,,,,
Members joining KiwiSaver - statistics,Statistics relating to members joining KiwiSaver,https://www.ird.govt.nz/about-us/tax-statistics/kiwisaver/joining,https://creativecommons.org/licenses/by/4.0/,"kiwisaver, membership",,,Inland Revenue,,Inland Revenue,,open.data2@ird.govt.nz,https://www.ird.govt.nz/about-us/tax-statistics/kiwisaver/joining,Annual,Social Policy,06-2010/03-2020,,https://www.ird.govt.nz/about-us/tax-statistics/kiwisaver/joining/enrolment-method-opt-out-rates,HTML,,KiwiSaver enrolment methods and opt out rates,https://www.ird.govt.nz/about-us/tax-statistics/kiwisaver/joining/member-demographics,HTML,,KiwiSaver member demographics,,,,,,,,,,,,,,,,,,,,
Net GST by turnover band,"Net total GST by turnover band. The following GST data is based on information from GST returns and is different from the accrual data presented in the ""Tax revenue"" section.",https://www.ird.govt.nz/about-us/tax-statistics/revenue-refunds/net-gst-turnover-band,https://creativecommons.org/licenses/by/4.0/,"clubsociety, company, diplomatic mission, goods  services tax, government department, individuals, maori authority, partnership, payments and refunds, super fund, trustestate, unit trust",,,Inland Revenue,,Inland Revenue,,open.data2@ird.govt.nz,https://www.ird.govt.nz/about-us/tax-statistics/revenue-refunds/net-gst-turnover-band,Annual,Goods & Services Tax,03-2007/03-2019,,https://www.ird.govt.nz/-/media/Files/Statistics/Revenue-and-refunds/Net-GST-by-turnover-band/net-gst-band-19.xlsx,CSV,,Net GST by turnover band (CSV),https://www.ird.govt.nz/-/media/Files/Statistics/Revenue-and-refunds/Net-GST-by-turnover-band/net-gst-band-19.xlsx,XLSX,,Net GST by turnover band (XLSX),,,,,,,,,,,,,,,,,,,,
Number of child support customers and cash collection,The number of customers claiming child support per annum.,https://www.ird.govt.nz/about-us/tax-statistics/social-policy/child-support-customers-collection,https://creativecommons.org/licenses/by/4.0/,"child support, individuals, registration",,,Inland Revenue,,Inland Revenue,,open.data2@ird.govt.nz,https://www.ird.govt.nz/about-us/tax-statistics/social-policy/child-support-customers-collection,Annual,Child Support,03-2008/03-2017,,https://www.ird.govt.nz/-/media/Files/Statistics/Social-policy/Child-support-customers-and-cash-collection/62childsupportcsv.csv,CSV,,Data in CSV format,https://www.ird.govt.nz/-/media/Files/Statistics/Social-policy/Child-support-customers-and-cash-collection/62childsupport.xlsx,XLSX,,Data in EXCEL format,,,,,,,,,,,,,,,,,,,,
Number of clients of tax agents by geographic area,List of the number of clients of tax agents by geographic area. Area defined by proximity to district office.,https://www.ird.govt.nz/about-us/archived-statistics/tax-agents/clients-geographic-area,https://creativecommons.org/licenses/by/4.0/,"customer, customers, registration, tax agents",,,Inland Revenue,,Inland Revenue,,open.data2@ird.govt.nz,https://www.ird.govt.nz/about-us/archived-statistics/tax-agents/clients-geographic-area,Annual,Customer,03-2008/03-2017,,https://www.ird.govt.nz/-/media/Files/Statistics/Tax-agents/Number-of-clients-of-tax-agents-by-geographic-area-2008-to-2017-csv.csv,CSV,,Clients of tax agents by location,,,,,,,,,,,,,,,,,,,,,,,,
Number of customers by return types,The data includes customers who filed tax returns for a specific tax year regardless of when their return was actually filed.,https://www.ird.govt.nz/about-us/archived-statistics/tax-returns/customers-return-types,https://creativecommons.org/licenses/by/4.0/,"company, filing, fringe benefit tax, goods and services tax, income tax, individuals, paye, trustestate",,,Inland Revenue,,Inland Revenue,,open.data2@ird.govt.nz,https://www.ird.govt.nz/about-us/archived-statistics/tax-returns/customers-return-types,Annual,"Income Tax, Goods and Services Tax, Fringe Benefit Tax, PAYE",03-2007/03-2017,,https://www.ird.govt.nz/-/media/Files/Statistics/Tax-Returns/Number-of-customers-by-return-types-2007---2016-csv.csv,CSV,,Data in CSV format,https://www.ird.govt.nz/-/media/Files/Statistics/Tax-Returns/Number-of-customers-by-return-types-2007---2016-xls.xlsx,XLSX,,Data in EXCEL format,,,,,,,,,,,,,,,,,,,,
Number of GST filers by turnover band,The number of GST filers grouped by turnover band. The GST data only includes GST collected or refunded by Inland Revenue. GST collected on imports by the New Zealand Customs Service is not included.,https://www.ird.govt.nz/about-us/tax-statistics/revenue-refunds/number-gst-filers-turnover-band,https://creativecommons.org/licenses/by/4.0/,"clubsociety, company, diplomatic mission, goods  services tax, government department, individuals, maori authority, partnership, payments and refunds, super fund, trustestate, unit trust",,,Inland Revenue,,Inland Revenue,,open.data2@ird.govt.nz,https://www.ird.govt.nz/about-us/tax-statistics/revenue-refunds/number-gst-filers-turnover-band,Annual,Goods & Services Tax,03-2007/03-2019,,https://www.ird.govt.nz/-/media/Files/Statistics/Revenue-and-refunds/Number-of-GST-filers-by-turnover-band/num-gst-filers-turnoverband-07-19-csv.csv,CSV,,Data in CSV format,https://www.ird.govt.nz/-/media/Files/Statistics/Revenue-and-refunds/Number-of-GST-filers-by-turnover-band/num-gst-filers-turnoverband-07-19.xlsx,XLSX,,Data in EXCEL format,,,,,,,,,,,,,,,,,,,,
Number of GST filers by turnover band 2007 to 2019,"Turnover is calculated from GST returns as the sum of gross sales in the year ended 31 March. For a two-monthly filer, this would mean the sum of gross sales on six successive GST returns, with the last return being for the period ending 31 March. The GST data only include GST collected or refunded by Inland Revenue. GST collected on imports by the New Zealand Customs Service is not included.",https://www.ird.govt.nz/about-us/tax-statistics/revenue-refunds/number-gst-filers-turnover-band,https://creativecommons.org/licenses/by/4.0/,"gst filers, turnover band",,,Inland Revenue,,Inland Revenue,,open.data2@ird.govt.nz,https://www.ird.govt.nz/about-us/tax-statistics/revenue-refunds/number-gst-filers-turnover-band,Annual,Goods & Services Tax,,,,,,,,,,,,,,,,,,,,,,,,,,,,,,
Number of KiwiSaver closed account 2010-2019,"Statistics on the number of members at the end of each financial year who have closed their account and  withdrawn their savings due to retirement, permanent emigration, death or serious illness",https://www.ird.govt.nz/about-us/tax-statistics/kiwisaver/exiting,https://creativecommons.org/licenses/by/4.0/,"death, kiwisaver closed account emigration, number, serious illness",,,Inland Revenue,,Inland Revenue,,open.data2@ird.govt.nz,https://www.ird.govt.nz/about-us/tax-statistics/kiwisaver/exiting,Annual,Social Policy,06-2010/03-2020,,https://www.ird.govt.nz/about-us/tax-statistics/kiwisaver/exiting,HTML,,Number of KiwiSaver closed accounts each month ,,,,,,,,,,,,,,,,,,,,,,,,
Number of people convicted under the Tax Administration Act,The number of people convicted under the Tax Administration Act 1994 in each calendar year. A person may have more than one prosecution in each year.,https://www.ird.govt.nz/about-us/archived-statistics/audit-legal-issues-data/people-convicted,https://creativecommons.org/licenses/by/4.0/,"audit, individuals, litigation, penalties, prosecution",,,Inland Revenue,,Inland Revenue,,open.data2@ird.govt.nz,https://www.ird.govt.nz/about-us/archived-statistics/audit-legal-issues-data/people-convicted,Annual,Audit,03-2007/03-2016,,https://www.ird.govt.nz/-/media/Files/Statistics/Tax-data---audit-and-legal-issues/117no-people-convicted.csv,CSV,,Data in CSV format,https://www.ird.govt.nz/-/media/Files/Statistics/Tax-data---audit-and-legal-issues/117no-people-convicted.xlsx,XLSX,,Data in EXCEL format,,,,,,,,,,,,,,,,,,,,
Number of returns filed 2007-2016,The number of returns filed and processed during the tax year regardless of their return period.,https://www.ird.govt.nz/about-us/archived-statistics/tax-returns/returns-filed,https://creativecommons.org/licenses/by/4.0/,"company, filing, fringe benefit tax, goods and services tax, income tax, individuals, paye, trustestate",,,Inland Revenue,,Inland Revenue,,open.data2@ird.govt.nz,https://www.ird.govt.nz/about-us/archived-statistics/tax-returns/returns-filed,Annual,"Income Tax, Goods and Services Tax, Fringe Benefit Tax, PAYE",03-2007/03-2017,,https://www.ird.govt.nz/-/media/Files/Statistics/Tax-Returns/Returns-filed-2007-to-2016-csv.csv,CSV,,Data in CSV format,https://www.ird.govt.nz/-/media/Files/Statistics/Tax-Returns/Returns-filed-2007-to-2016-xls.xlsx,XLSX,,Data in EXCEL format,,,,,,,,,,,,,,,,,,,,
Number of tax agents by geographic area,The number of tax agents in a given geographic loction. A tax agent is a person who prepares the annual returns of income for ten or more taxpayers.,https://www.ird.govt.nz/about-us/archived-statistics/tax-agents/agents-geographic-area,https://creativecommons.org/licenses/by/4.0/,"customer, registration, tax agents",,,Inland Revenue,,Inland Revenue,,open.data2@ird.govt.nz,https://www.ird.govt.nz/about-us/archived-statistics/tax-agents/agents-geographic-area,Annual,Customer,03-2008/03-2017,,https://www.ird.govt.nz/-/media/Files/Statistics/Tax-agents/Number-of-tax-agents-by-geographic-area-2008-to-2017-csv.csv,CSV,,Data in CSV format,https://www.ird.govt.nz/-/media/Files/Statistics/Tax-agents/Number-of-tax-agents-by-geographic-area-2008-to-2017-xlsx.xlsx,XLSX,,Data in EXCEL format,,,,,,,,,,,,,,,,,,,,
Number of tax convictions,The total number of tax convictions under the Tax Administration Act 1994 in each calendar year.,https://www.ird.govt.nz/about-us/archived-statistics/audit-legal-issues-data/tax-convictions,https://creativecommons.org/licenses/by/4.0/,"audit, individuals, litigation, penalties, prosecution",,,Inland Revenue,,Inland Revenue,,open.data2@ird.govt.nz,https://www.ird.govt.nz/about-us/archived-statistics/audit-legal-issues-data/tax-convictions,Annual,Audit,03-2007/03-2016,,https://www.ird.govt.nz/-/media/Files/Statistics/Tax-data---audit-and-legal-issues/116no-convictions.csv,CSV,,Data in CSV format,https://www.ird.govt.nz/-/media/Files/Statistics/Tax-data---audit-and-legal-issues/116no-convictions.xlsx,XLSX,,Data in EXCEL format,,,,,,,,,,,,,,,,,,,,
Outcome of cases decided by Disputes Review Unit,The outcomes of adjudication cases decided by the Disputes Review Unit. All cases are split into five categories depending on the degree to which the position of the Commissioner of Inland Revenue (CIR) was upheld.,https://www.ird.govt.nz/about-us/archived-statistics/audit-legal-issues-data/disputes-outcomes,https://creativecommons.org/licenses/by/4.0/,"assessment, audit, clubsociety, company, diplomatic mission, government department, individuals, litigation, maori authority, partnership, payments and refunds, penalties, prosecution, super fund, trustestate, unit trust",,,Inland Revenue,,Inland Revenue,,open.data2@ird.govt.nz,https://www.ird.govt.nz/about-us/archived-statistics/audit-legal-issues-data/disputes-outcomes,Annual,Audit,03-2008/03-2017,,https://www.ird.govt.nz/-/media/Files/Statistics/Tax-data---audit-and-legal-issues/Adjdecnstats20082017csv.csv,CSV,,Data in CSV format,https://www.ird.govt.nz/-/media/Files/Statistics/Tax-data---audit-and-legal-issues/Adjdecnstats20082017.xls,XLS,,Data in EXCEL format,,,,,,,,,,,,,,,,,,,,
Overdue debt by debt age,The dynamics of overdue debt case age from the 2008 to 2017 financial years. It covers both overdue tax debt and overdue child support debt. The debt age structure is presented both for dollar values and debt cases. The age of each debt case is weighted based on weighted overdue debt case age.,https://www.ird.govt.nz/about-us/archived-statistics/debt/overdue-debt-age,https://creativecommons.org/licenses/by/4.0/,"child support, clubsociety, company, diplomatic mission, duties, fringe benefit tax, goods and services tax, income tax, individuals, maori authority, partnership, paye, payment and refunds, student loans, super fund, trustestate, unit trust, withholding tax",,,Inland Revenue,,Inland Revenue,,open.data2@ird.govt.nz,https://www.ird.govt.nz/about-us/archived-statistics/debt/overdue-debt-age,Annual,"PAYE, Income Tax, Withholding Tax, Child Support, Student Loans, Goods and Services Tax, Duties, Fringe Benefit Tax",06-2008/06-2017,,https://www.ird.govt.nz/-/media/Files/Statistics/Debt/Overdue-debt-by-debt-age-2008-to-2017-csv.csv,CSV,,Data in CSV format,https://www.ird.govt.nz/-/media/Files/Statistics/Debt/Overdue-debt-by-debt-age-2008-to-2017-xlsx.xlsx,XLSX,,Data in EXCEL format,,,,,,,,,,,,,,,,,,,,
Overdue debt by debt value bands,The composition of overdue tax debt and overdue child support debt by dollar value bands. The Analysis is presented for both the value of debt and the proportion of debt cases.,https://www.ird.govt.nz/about-us/archived-statistics/debt/overdue-debt-value-bands,https://creativecommons.org/licenses/by/4.0/,"child support, clubsociety, company, diplomatic mission, duties, fringe benefit tax, goods and services tax, income tax, individuals, maori authority, partnership, paye, payment and refunds, student loans, super fund, trustestate, unit trust, withholding tax",,,Inland Revenue,,Inland Revenue,,open.data2@ird.govt.nz,https://www.ird.govt.nz/about-us/archived-statistics/debt/overdue-debt-value-bands,Annual,"PAYE, Income Tax, Withholding Tax, Child Support, Student Loans, Goods and Services Tax, Duties, Fringe Benefit Tax",06-2008/06-2017,,https://www.ird.govt.nz/-/media/Files/Statistics/Debt/Overdue-debt-by-debt-value-bands-2008-to-2017-csv.csv,CSV,,Data in CSV format,https://www.ird.govt.nz/-/media/Files/Statistics/Debt/Overdue-debt-by-debt-value-bands-2008-to-2017-xlsx.xlsx,XLSX,,Data in EXCEL format,,,,,,,,,,,,,,,,,,,,
Overdue debt by tax type,"The structure of the total overdue debt for various different tax types for the financial years from 2008 to 2017. (child support debt, student loan debt, tax debt, working for families tax credits debt)",https://www.ird.govt.nz/about-us/archived-statistics/debt/overdue-debt-tax-type,https://creativecommons.org/licenses/by/4.0/,"child support, clubsociety, company, diplomatic mission, duties, fringe benefit tax, goods and services tax, income tax, individuals, maori authority, partnership, paye, payment and refunds, student loans, super fund, trustestate, unit trust, withholding tax",,,Inland Revenue,,Inland Revenue,,open.data2@ird.govt.nz,https://www.ird.govt.nz/about-us/archived-statistics/debt/overdue-debt-tax-type,Annual,"PAYE, Income Tax, Withholding Tax, Child Support, Student Loans, Goods and Services Tax, Duties, Fringe Benefit Tax",03-2008/03-2017,,https://www.ird.govt.nz/-/media/Project/IR/Documents/About-us/Overdue-debt-by-tax-type-2008-to-2017/Overdue-debt-by-tax-type-2008-to-2017-csv.csv,CSV,,Data in CSV format,https://www.ird.govt.nz/-/media/Project/IR/Documents/About-us/Overdue-debt-by-tax-type-2008-to-2017/Overdue-debt-by-tax-type-2008-to-2017-xls.xlsx,XLSX,,Data in EXCEL format,,,,,,,,,,,,,,,,,,,,
Percentage of child support payments made by liable parents in full and on time,The percentage of payments made by liable parents in full and on time.,https://www.ird.govt.nz/about-us/archived-statistics/compliance/liable-parents-payments,https://creativecommons.org/licenses/by/4.0/,"child support, individuals, payments and refunds",,,Inland Revenue,,Inland Revenue,,open.data2@ird.govt.nz,https://www.ird.govt.nz/about-us/archived-statistics/compliance/liable-parents-payments,Annual,Child Support,03-2008/03-2017,,https://www.ird.govt.nz/-/media/Files/Statistics/Compliance/payments-full-on-time-liable-parents-17-csv.csv,CSV,,Data in CSV format,https://www.ird.govt.nz/-/media/Files/Statistics/Compliance/payments-full-on-time-liable-parents-17-excel.xlsx,XLSX,,Data in EXCEL format,,,,,,,,,,,,,,,,,,,,
Percentage of payments made on time,The percentage of on time payments for the major tax types.,https://www.ird.govt.nz/about-us/archived-statistics/compliance/payments,https://creativecommons.org/licenses/by/4.0/,"clubsociety, company, diplomatic mission, goods  services tax, income tax, individuals, maori authority, partnership, paye, payments and refunds, super fund, trustestate, unit trust",,,Inland Revenue,,Inland Revenue,,open.data2@ird.govt.nz,https://www.ird.govt.nz/about-us/archived-statistics/compliance/payments,Annual,"Goods & Services Tax, PAYE, Income Tax",03-2007/03-2016,,https://www.ird.govt.nz/-/media/Files/Statistics/Compliance/percentage-payments-on-time-17-csv.csv,CSV,,Data in CSV format,https://www.ird.govt.nz/-/media/Files/Statistics/Compliance/percentage-payments-on-time-17-excel.xlsx,XLSX,,Data in EXCEL format,,,,,,,,,,,,,,,,,,,,
Percentage of returns filed on time,The ratio of returns filed on time to the total number of filing per tax year. The ratio is presented separately for tax types and customer groups.,https://www.ird.govt.nz/about-us/archived-statistics/compliance/returns,https://creativecommons.org/licenses/by/4.0/,"clubsociety, company, diplomatic mission, filing, goods  services tax, income tax, individuals, maori authority, partnership, paye, super fund, trustestate, unit trust",,,Inland Revenue,,Inland Revenue,,open.data2@ird.govt.nz,https://www.ird.govt.nz/about-us/archived-statistics/compliance/returns,Annual,"Goods & Services Tax, PAYE, Income Tax",03-2007/03-2016,,https://www.ird.govt.nz/-/media/Files/Statistics/Compliance/Percentage-of-returns-filed-on-time-csv.csv,CSV,,Data in CSV format,https://www.ird.govt.nz/-/media/Files/Statistics/Compliance/Percentage-of-returns-filed-on-time-xlsx.xlsx,XLSX,,Data in EXCEL format,,,,,,,,,,,,,,,,,,,,
Regional break-down by tax type,"Regional break-downs for variables such as overall sales and income and debt values, broken down by tax type",https://www.ird.govt.nz/about-us/archived-statistics/regional-statistics,https://creativecommons.org/licenses/by/4.0/,"area outside regional councils, auckland, bay of plenty, canterbury, debt, far north, gisborne, gst debt, hawkes bay, inc debt, manawatuwanganui, marlborough, nelson, northland, otago, overall total sales  income, regional council, southland, taranaki, tasman, territorial authorities, unknown location, waikato, wellington, west coast",,,Inland Revenue,,Inland Revenue,,open.data2@ird.govt.nz,https://www.ird.govt.nz/about-us/archived-statistics/regional-statistics,Annual,"PAYE, Goods & Services Tax, Income Tax, Imputation Taxes, Withholding Tax, Child Support, Working for Families Tax Credits, Student Loans, Fringe Benefit Tax, Customer",04-2015/03-2016,,https://www.ird.govt.nz/-/media/Files/Statistics/Regional-tax-statistics/values.csv,CSV,,Data in CSV format,,,,,,,,,,,,,,,,,,,,,,,,
Regional statistics for all customers,"A regional break-down for different customer categories, such as ""registered customers"", ""individuals"", and ""individuals aged 16 or over"".",https://www.ird.govt.nz/about-us/archived-statistics/regional-statistics,https://creativecommons.org/licenses/by/4.0/,"area outside regional councils, auckland, bay of plenty, business, businesses, canterbury, entities, far north, gisborne, gst filers, gstregistered, hawkes bay, individuals, location, manawatuwanganui, marlborough, micro business individuals, nelson, new zealand, nonbusiness individuals, northland, otago, regional council, registered customers, southland, student loan holders, taranaki, tasman, territorial authorities, unknown location, waikato, wellington, west coast",,,Inland Revenue,,Inland Revenue,,open.data2@ird.govt.nz,https://www.ird.govt.nz/about-us/archived-statistics/regional-statistics,Annual,"PAYE, Goods & Services Tax, Income Tax, Imputation Taxes, Withholding Tax, Child Support, Working for Families Tax Credits, Student Loans, Fringe Benefit Tax, Customer",04-2015/03-2016,,https://www.ird.govt.nz/-/media/Files/Statistics/Regional-tax-statistics/all_customers.csv,CSV,,Regional statistics for all customers,https://www.ird.govt.nz/-/media/Files/Statistics/Regional-tax-statistics/values.csv,CSV,,Regional tax statistics values,https://www.ird.govt.nz/-/media/Files/Statistics/Regional-tax-statistics/individuals.csv,CSV,,"
Regional statistics for individuals 2015 to 2016",https://www.ird.govt.nz/-/media/Files/Statistics/Regional-tax-statistics/business-individuals.csv,CSV,,Regional statistics for business individuals 2015 to 2016,https://www.ird.govt.nz/-/media/Files/Statistics/Regional-tax-statistics/non-business-individuals.csv,CSV,,Regional statistics for non-business individuals 2015 to 2016,https://www.ird.govt.nz/-/media/Files/Statistics/Regional-tax-statistics/entities.csv,CSV,,"Regional statistics for entities 2015 to 2016
",https://www.ird.govt.nz/-/media/Files/Statistics/Regional-tax-statistics/businesses.csv,CSV,,Regional statistics for businesses 2015 to 2016
Regional tax statistics 2016,"Included are categories for individuals and non-individual entities. The tables present the data as percentages of appropriate columns in the ""Customers"" table, Regional tax statistics, 'all customers', 'values', 'individuals', 'business individuals', 'non-business individuals', 'entities', 'businesses'",https://www.ird.govt.nz/about-us/archived-statistics/regional-statistics,https://creativecommons.org/licenses/by/4.0/,"child support, clubsociety, company, customer, diplomatic mission, fringe benefit tax, goods  services tax, government department, imputation taxes, income tax, individuals, maori authority, partnership, paye, payments and refunds, registration, student loans, super fund, trustestate, unit trust, withholding tax, working for families tax credits",,,Inland Revenue,,Inland Revenue,,open.data2@ird.govt.nz,https://www.ird.govt.nz/about-us/archived-statistics/regional-statistics,Annual,"PAYE, Goods & Services Tax, Income Tax, Imputation Taxes, Withholding Tax, Child Support, Working for Families Tax Credits, Student Loans, Fringe Benefit Tax, Customer",04-2015/03-2016,,https://www.ird.govt.nz/-/media/Files/Statistics/Regional-tax-statistics/regional-tax-stats-2016.xlsx,XLSX,,Regional tax statistics 2016,,,,,,,,,,,,,,,,,,,,,,,,
Registered customers by entity type,"Includes all customers registered with Inland Revenue, either individuals or entities.",https://www.ird.govt.nz/about-us/archived-statistics/inland-revenue-customers/registered-entity-type,https://creativecommons.org/licenses/by/4.0/,"clubsociety, company, customer, diplomatic mission, government department, individuals, maori authority, partnership, registration, super fund, trustestate, unit trust",,,Inland Revenue,,Inland Revenue,,open.data2@ird.govt.nz,https://www.ird.govt.nz/about-us/archived-statistics/inland-revenue-customers/registered-entity-type,Annual,Customer,03-2008/03-2017,,https://www.ird.govt.nz/-/media/Files/Statistics/IR-Customers/Registered-customers-by-entity-type-08-17.csv,CSV,,Data in CSV format,https://www.ird.govt.nz/-/media/Files/Statistics/IR-Customers/Registered-customers-by-entity-type-08-17.xlsx,XLSX,,Data in EXCEL format,,,,,,,,,,,,,,,,,,,,
Registered customers by geographic areas,"Includes all customers registered with Inland Revenue, either individuals or entities. Geographic area is determined by proximity to district office.",https://www.ird.govt.nz/about-us/archived-statistics/inland-revenue-customers/registered-geographic-areas,https://creativecommons.org/licenses/by/4.0/,"clubsociety, company, customer, diplomatic mission, government department, individuals, maori authority, partnership, registration, super fund, trustestate, unit trust",,,Inland Revenue,,Inland Revenue,,open.data2@ird.govt.nz,https://www.ird.govt.nz/about-us/archived-statistics/inland-revenue-customers/registered-geographic-areas,Annual,Customer,03-2008/03-2017,,https://www.ird.govt.nz/-/media/Files/Statistics/IR-Customers/reg-customers-geo-area-17-csv.csv,CSV,,Data in CSV format,https://www.ird.govt.nz/-/media/Files/Statistics/IR-Customers/reg-customers-geo-area-17-excel.xlsx,XLSX,,Data in EXCEL format,,,,,,,,,,,,,,,,,,,,
Registered customers by group,"Registered customer groups shown here are, non-profit organisations, large enterprises, individuals and small and medium enterprises.",https://www.ird.govt.nz/about-us/archived-statistics/inland-revenue-customers/registered-customer-group,https://creativecommons.org/licenses/by/4.0/,"clubsociety, company, customer, diplomatic mission, government department, individuals, maori authority, partnership, registration, super fund, trustestate, unit trust",,,Inland Revenue,,Inland Revenue,,open.data2@ird.govt.nz,https://www.ird.govt.nz/about-us/archived-statistics/inland-revenue-customers/registered-customer-group,Annual,Customer,03-2008/03-2017,,https://www.ird.govt.nz/-/media/Files/Statistics/IR-Customers/Registered-customer-group-08-17.csv,CSV,,Data in CSV format,https://www.ird.govt.nz/-/media/Files/Statistics/IR-Customers/Registered-customer-group-08-17.xlsx,XLSX,,Data in EXCEL format,,,,,,,,,,,,,,,,,,,,
Revenue collected,Revenue collected on an acruals basis between 2008 and 2017 by Inland Revenue.,https://www.ird.govt.nz/about-us/archived-statistics/revenue-collected,https://creativecommons.org/licenses/by/4.0/,"clubsociety, company, diplomatic mission, fringe benefit tax, goods and services tax, government department, imputation taxes, income tax, individuals, maori authority, partnership, payments and refunds, super fund, trustestate, unit trust, withholding tax",,,Inland Revenue,,Inland Revenue,,open.data2@ird.govt.nz,https://www.ird.govt.nz/about-us/archived-statistics/revenue-collected,Annual,"Income Tax, Goods and Services Tax, Fringe Benefit Tax, Withholding Tax, Imputation taxes",06-2008/06-2017,,https://www.ird.govt.nz/-/media/Files/Statistics/Revenue-and-refunds/Rev-collected-2008-to-2017/revcolcsv.csv,CSV,,Data in CSV format,https://www.ird.govt.nz/-/media/Files/Statistics/Revenue-and-refunds/Rev-collected-2008-to-2017/revcollected.xlsx,XLSX,,Data in EXCEL format,,,,,,,,,,,,,,,,,,,,
Shortfall penalty impositions,"The number and value of shortfall penalties in total and by category. A shortfall penalty (SFP) is one imposed as a percentage of a tax shortfall (a deficit or understatement of tax), resulting from certain actions on the part of a taxpayer.",https://www.ird.govt.nz/about-us/archived-statistics/audit-legal-issues-data/shortfall-penalty-impositions,https://creativecommons.org/licenses/by/4.0/,"audit, clubsociety, company, diplomatic mission, government department, individuals, maori authority, partnership, penalties, super fund, trustestate, unit trust",,,Inland Revenue,,Inland Revenue,,open.data2@ird.govt.nz,https://www.ird.govt.nz/about-us/archived-statistics/audit-legal-issues-data/shortfall-penalty-impositions,Annual,Audit,06-2007/06-2016,,https://www.ird.govt.nz/-/media/Files/Statistics/Tax-data---audit-and-legal-issues/shortfall-penalties-CSV.csv,CSV,,Data in CSV format,https://www.ird.govt.nz/-/media/Files/Statistics/Tax-data---audit-and-legal-issues/shortfall-penalties.xls,XLS,,Data in EXCEL format,,,,,,,,,,,,,,,,,,,,
Student Loan Scheme 2006 Data Tables,"Statistics relating to the Student Loan Scheme, including loan uptake, amount borrowed, loan balance, and repayment.",https://www.educationcounts.govt.nz/publications/80898/2555/5651,https://creativecommons.org/licenses/by/4.0/,"individuals, payments and refunds, student loans",,,Inland Revenue,,Inland Revenue,,open.data2@ird.govt.nz,https://www.educationcounts.govt.nz/publications/80898/2555/5651,Annual,,01-2000/12-2006,,https://www.educationcounts.govt.nz/__data/assets/file/0009/7398/Data-Student-Loan-Scheme-Annual-Report-2006.xls,XLS,,Data in EXCEL format,,,,,,,,,,,,,,,,,,,,,,,,
Student Loan Scheme 2007 Data Tables,"Statistics relating to the Student Loan Scheme, including loan uptake, amount borrowed, loan balance, and repayment.",https://www.educationcounts.govt.nz/publications/80898/2555/17229,https://creativecommons.org/licenses/by/4.0/,"individuals, payments and refunds, student loans",,,Inland Revenue,,Inland Revenue,,open.data2@ird.govt.nz,https://www.educationcounts.govt.nz/publications/80898/2555/17229,Annual,,01-1993/12-2007,,https://www.educationcounts.govt.nz/__data/assets/excel_doc/0017/17243/Data-Student-Loan-Scheme-Annual-Report-2007.xls,XLS,,Data in EXCEL format,,,,,,,,,,,,,,,,,,,,,,,,
Student Loan Scheme 2008 Data Tables,"Statistics relating to the Student Loan Scheme, including loan uptake, amount borrowed, loan balance, and repayment.",https://www.educationcounts.govt.nz/publications/80898/2555/33499/2,https://creativecommons.org/licenses/by/4.0/,"individuals, payments and refunds, student loans",,,Inland Revenue,,Inland Revenue,,open.data2@ird.govt.nz,https://www.educationcounts.govt.nz/publications/80898/2555/33499/2,Annual,,01-1994/12-2008,,https://www.educationcounts.govt.nz/__data/assets/excel_doc/0006/43377/Data-Student-Loan-Scheme-Annual-Report-2008.xls,XLS,,Data in EXCEL format,,,,,,,,,,,,,,,,,,,,,,,,
Student Loan Scheme 2009 Data Tables,"Statistics relating to the Student Loan Scheme, including loan uptake, amount borrowed, loan balance, and repayment.",https://www.educationcounts.govt.nz/publications/80898/2555/58406/2,https://creativecommons.org/licenses/by/4.0/,"individuals, payments and refunds, student loans",,,Inland Revenue,,Inland Revenue,,open.data2@ird.govt.nz,https://www.educationcounts.govt.nz/publications/80898/2555/58406/2,Annual,,01-2000/12-2009,,https://www.educationcounts.govt.nz/__data/assets/excel_doc/0003/63156/SLS-DataTables2009-30112009.xls,XLS,,Data in EXCEL format,,,,,,,,,,,,,,,,,,,,,,,,
Student Loan Scheme 2011 Data Tables,"Statistics relating to the Student Loan Scheme, including loan uptake, amount borrowed, loan balance, and repayment.",https://www.educationcounts.govt.nz/publications/80898/2555/student-loan-scheme-annual-report-2011,https://creativecommons.org/licenses/by/4.0/,"individuals, payments and refunds, student loans",,,Inland Revenue,,Inland Revenue,,open.data2@ird.govt.nz,https://www.educationcounts.govt.nz/publications/80898/2555/student-loan-scheme-annual-report-2011,Annual,,01-2000/12-2011,,https://www.educationcounts.govt.nz/__data/assets/excel_doc/0017/105551/Student-Loan-Scheme-Data-2011.xls,XLS,,Data in EXCEL format,,,,,,,,,,,,,,,,,,,,,,,,
Student Loan Scheme 2012 Data Tables,"Statistics relating to the Student Loan Scheme, including loan uptake, amount borrowed, loan balance, and repayment.",https://www.educationcounts.govt.nz/publications/80898/2555/114630,https://creativecommons.org/licenses/by/4.0/,"individuals, payments and refunds, student loans",,,Inland Revenue,,Inland Revenue,,open.data2@ird.govt.nz,https://www.educationcounts.govt.nz/publications/80898/2555/114630,Annual,,01-2000/12-2012,,https://www.educationcounts.govt.nz/__data/assets/excel_doc/0003/114636/Data-Student-Loan-Scheme-Annual-Report-2012.xls,XLS,,Student Loan Scheme 2012 Data Tables,,,,,,,,,,,,,,,,,,,,,,,,
Student Loan Scheme 2013 Data Tables,"Statistics relating to the Student Loan Scheme, including loan uptake, amount borrowed, loan balance, and repayment.",https://www.educationcounts.govt.nz/publications/80898/2555/student-loan-scheme-annual-report-2013,https://creativecommons.org/licenses/by/4.0/,"individuals, payments and refunds, student loans",,,Inland Revenue,,Inland Revenue,,open.data2@ird.govt.nz,https://www.educationcounts.govt.nz/publications/80898/2555/student-loan-scheme-annual-report-2013,Annual,,01-2000/12-2013,,https://www.educationcounts.govt.nz/__data/assets/excel_doc/0003/144570/2013-Student-Loan-Scheme-Data.xlsx,XLS,,Data in EXCEL format,,,,,,,,,,,,,,,,,,,,,,,,
Student Loan Scheme 2014 Data Tables,"Statistics relating to the Student Loan Scheme, including loan uptake, amount borrowed, loan balance, and repayment.",https://www.educationcounts.govt.nz/publications/80898/2555/student-loan-scheme-annual-report-2014,https://creativecommons.org/licenses/by/4.0/,"individuals, payments and refunds, student loans",,,Inland Revenue,,Inland Revenue,,open.data2@ird.govt.nz,https://www.educationcounts.govt.nz/publications/80898/2555/student-loan-scheme-annual-report-2014,Annual,,01-2000/12-2014,,https://www.educationcounts.govt.nz/__data/assets/excel_doc/0005/164948/2014-Student-Loan-Scheme-Annual-Report.xlsx,XLS,,Data in EXCEL format,,,,,,,,,,,,,,,,,,,,,,,,
Student Loan Scheme 2015 Data Tables,"Statistics relating to the Student Loan Scheme, including loan uptake, amount borrowed, loan balance, and repayment.",https://www.educationcounts.govt.nz/publications/80898/2555/student-loan-scheme-annual-report-2015,https://creativecommons.org/licenses/by/4.0/,"individuals, payments and refunds, student loans",,,Inland Revenue,,Inland Revenue,,open.data2@ird.govt.nz,https://www.educationcounts.govt.nz/publications/80898/2555/student-loan-scheme-annual-report-2015,Annual,,01-2000/12-2015,,https://www.educationcounts.govt.nz/__data/assets/excel_doc/0013/170230/2015-Data-tables.xlsx,XLS,,Data in EXCEL format,,,,,,,,,,,,,,,,,,,,,,,,
Student Loan Scheme 2016 Data Tables,"Statistics relating to the Student Loan Scheme, including loan uptake, amount borrowed, loan balance, and repayment.",https://www.educationcounts.govt.nz/publications/80898/2555/student-loan-scheme-annual-report-2016,https://creativecommons.org/licenses/by/4.0/,"individuals, payments and refunds, student loans",,,Inland Revenue,,Inland Revenue,,open.data2@ird.govt.nz,https://www.educationcounts.govt.nz/publications/80898/2555/student-loan-scheme-annual-report-2016,Annual,,01-2000/12-2016,,https://www.educationcounts.govt.nz/__data/assets/excel_doc/0017/180710/Student-Loan-Scheme-2016-Web-tables-141216.xlsx,XLS,,Data in EXCEL format,,,,,,,,,,,,,,,,,,,,,,,,
Student Loan Scheme 2017 Data Tables,"Statistics relating to the Student Loan Scheme, including loan uptake, amount borrowed, loan balance, and repayment.",https://www.educationcounts.govt.nz/publications/series/student_loan_scheme_annual_reports/student-loan-scheme-annual-report-2017,https://creativecommons.org/licenses/by/4.0/,"individuals, payments and refunds, student loans",,,Inland Revenue,,Inland Revenue,,open.data2@ird.govt.nz,https://www.educationcounts.govt.nz/publications/series/student_loan_scheme_annual_reports/student-loan-scheme-annual-report-2017,Annual,,01-2000/12-2017,,https://www.educationcounts.govt.nz/__data/assets/pdf_file/0006/183705/Student-Loan-Annual-Report-2016-17.pdf,PDF,,Student Loan Scheme 2017 Full Report,,,,,,,,,,,,,,,,,,,,,,,,
Student Loan Scheme 2018 Data Tables,"Statistics relating to the Student Loan Scheme, including loan uptake, amount borrowed, loan balance, and repayment.",https://www.educationcounts.govt.nz/publications/series/student_loan_scheme_annual_reports/student-loan-scheme-annual-report-2018,https://creativecommons.org/licenses/by/4.0/,"individuals, payments and refunds, student loans",,,Inland Revenue,,Inland Revenue,,open.data2@ird.govt.nz,https://www.educationcounts.govt.nz/publications/series/student_loan_scheme_annual_reports/student-loan-scheme-annual-report-2018,Annual,,01-2000/12-2018,,https://www.educationcounts.govt.nz/__data/assets/excel_doc/0007/192886/Data-Tables-2018.xlsx,XLSX,,Data in EXCEL format,,,,,,,,,,,,,,,,,,,,,,,,
Student Loan Scheme 2019 Data Tables,"Statistics relating to the Student Loan Scheme, including loan uptake, amount borrowed, loan balance, and repayment.",https://www.educationcounts.govt.nz/publications/80898/2555/student-loan-scheme-annual-report-2019,https://creativecommons.org/licenses/by/4.0/,"individuals, payments and refunds, student loans",,,Inland Revenue,,Inland Revenue,,open.data2@ird.govt.nz,https://www.educationcounts.govt.nz/publications/80898/2555/student-loan-scheme-annual-report-2019,Annual,,01-2000/12-2019,,https://www.educationcounts.govt.nz/__data/assets/excel_doc/0006/196665/SLS_-Data-Tables-2019.xlsx,XLSX,,Data in EXCEL format,,,,,,,,,,,,,,,,,,,,,,,,
Total overdue debt,"The total overdue tax debt, the overdue child support debt, the number of customers in debt, the number of debt cases, and the annual debt dynamics for the financial years 2008 to 2017",https://www.ird.govt.nz/about-us/archived-statistics/debt/total-overdue-debt,https://creativecommons.org/licenses/by/4.0/,"child support, clubsociety, company, diplomatic mission, duties, fringe benefit tax, goods and services tax, income tax, individuals, maori authority, partnership, paye, payment and refunds, student loans, super fund, trustestate, unit trust, withholding tax",,,Inland Revenue,,Inland Revenue,,open.data2@ird.govt.nz,https://www.ird.govt.nz/about-us/archived-statistics/debt/total-overdue-debt,Annual,"PAYE, Income Tax, Withholding Tax, Child Support, Student Loans, Goods and Services Tax, Duties, Fringe Benefit Tax",06-2008/06-2017,,https://www.ird.govt.nz/-/media/Files/Statistics/Debt/Total-overdue-debt-2008-to-2017-csv.csv,CSV,,Data in CSV format,https://www.ird.govt.nz/-/media/Files/Statistics/Debt/Total-overdue-debt-2008-to-2017-xlsx.xlsx,XLSX,,Data in EXCEL format,,,,,,,,,,,,,,,,,,,,
Use of return filing channels,"Describes the use of the three core channels used for filing tax data (eFiling,  online filing using myIR secure login services or paper based filing)",https://www.ird.govt.nz/about-us/archived-statistics/tax-returns/return-filing-channels,https://creativecommons.org/licenses/by/4.0/,"company, filing, fringe benefit tax, goods and services tax, income tax, individuals, paye, trustestate",,,Inland Revenue,,Inland Revenue,,open.data2@ird.govt.nz,https://www.ird.govt.nz/about-us/archived-statistics/tax-returns/return-filing-channels,Annual,"Income Tax, Goods and Services Tax, Fringe Benefit Tax, PAYE",03-2007/03-2016,,https://www.ird.govt.nz/-/media/Files/Statistics/Tax-Returns/return-filing-channels-2016-csv.csv,CSV,,Data in CSV format,https://www.ird.govt.nz/-/media/Files/Statistics/Tax-Returns/return-filing-channels-2016-xls.xlsx,XLSX,,Data in EXCEL format,,,,,,,,,,,,,,,,,,,,
Wage/salary distributions for individual customers,"Wage/salary income, includes gross earnings received from any employer, that PAYE was deducted from. Earnings that are excluded from this are: NZ Super, Taxable welfare benefits, student allowances, earnings-related ACC payments and shareholder-employee salaries.",https://www.ird.govt.nz/about-us/tax-statistics/revenue-refunds/wage-salary-distributions,https://creativecommons.org/licenses/by/4.0/,"income tax, individuals, paye, payments and refunds",,,Inland Revenue,,Inland Revenue,,open.data2@ird.govt.nz,https://www.ird.govt.nz/about-us/tax-statistics/revenue-refunds/wage-salary-distributions,Annual,"Income Tax, PAYE",03-2001/03-2019,,https://www.ird.govt.nz/-/media/Files/Statistics/Revenue-and-refunds/Wage-salary-distribution-for-ind-customers-2001-to-2019/wages-data-25-6-19-csv.csv,CSV,,Data in CSV format,https://www.ird.govt.nz/-/media/Files/Statistics/Revenue-and-refunds/Wage-salary-distribution-for-ind-customers-2001-to-2019/wages-data-25-6-19.xlsx,XLSX,,Data in EXCEL format,,,,,,,,,,,,,,,,,,,,
Working for Families Tax Credits - Average Entitlement,Working for Families Tax Credits is a collective term for a number of tax credits paid to families with dependent children. Data set includes the average entitlement amount. The data is based on March year entitlements assessed on tax returns and supplemented with the payments data from Work and Income recorded on their EMS schedule. (data considered incomplete until 31/03/18),https://www.ird.govt.nz/about-us/tax-statistics/social-policy/wfftc,https://creativecommons.org/licenses/by/4.0/,"individuals, tax credits, working for families tax credits",,,Inland Revenue,,Inland Revenue,,open.data2@ird.govt.nz,https://www.ird.govt.nz/about-us/tax-statistics/social-policy/wfftc,Annual,Working for Families Tax Credits,03-2007/03-2018,,https://www.ird.govt.nz/-/media/Files/Statistics/Social-policy/Working-for-Families-Tax-Credits-2001-to-2018/wff-average-entitlement-csv.csv,CSV,,Data in CSV format,https://www.ird.govt.nz/-/media/Files/Statistics/Social-policy/Working-for-Families-Tax-Credits-2001-to-2018/wff-average-entitlement.xlsx,XLSX,,Data in EXCEL format,,,,,,,,,,,,,,,,,,,,
Working for Families Tax Credits - number of families,"Working for Families Tax Credits is a collective term for a number of tax credits paid to families with dependent children. Data set includes the number of families involved. The data is based on March year entitlements, assessed on tax returns and supplemented with the payments data from Work and Income recorded on their EMS schedule. (This data is considered incomplete until 31/03/18). Types of Working for Families Tax Credits included are Family Tax Credit, In-work tax credit, Minimum family tax credit, Parental tax credit.",https://www.ird.govt.nz/about-us/tax-statistics/social-policy/wfftc,https://creativecommons.org/licenses/by/4.0/,"individuals, tax credits, working for families tax credits",,,Inland Revenue,,Inland Revenue,,open.data2@ird.govt.nz,https://www.ird.govt.nz/about-us/tax-statistics/social-policy/wfftc,Annual,Working for Families Tax Credits,03-2007/03-2016,,https://www.ird.govt.nz/-/media/Files/Statistics/Social-policy/Working-for-Families-Tax-Credits-2001-to-2018/wff-number-of-families-csv.csv,CSV,,Data in CSV format,https://www.ird.govt.nz/-/media/Files/Statistics/Social-policy/Working-for-Families-Tax-Credits-2001-to-2018/wff-number-of-families.xlsx,XLS,,Data in EXCEL format,,,,,,,,,,,,,,,,,,,,
